company_name,company_legal_names,company_commercial_names,main_country_code,main_region,main_city_district,main_city,main_postcode,main_street,main_street_number,main_latitude,main_longitude,main_address_raw_text,locations,short_description,long_description,business_tags,product_type,main_industry,main_sector,primary_phone,phone_numbers,primary_email,emails,other_emails,website_url,website_domain,website_language_code,facebook_url,twitter_url,instagram_url,linkedin_url,ios_app_url,android_app_url,youtube_url,generated_description,generated_business_tags,domains,id
reisebüro gabriele schlagböhmer gmbh,reisebüro gabriele schlagböhmer gmbh,,de,north rhine-westphalia,,oberhausen,,,,51.4696137,6.8514435,", oberhausen, north rhine-westphalia, germany","de, germany, north rhine-westphalia, oberhausen, , , , 51.4696137, 6.8514435",,,,,,,+492086350555,+492086350555,,,,,schlagboehmer.de,,ReisebueroSchlagboehmer,,reisebuero_schlagboehmer,company/reiseb%c3%bcro-gabriele-schlagb%c3%b6hmer-gmbh,,,,,,schlagboehmer.de,1536
first reisebüro schlagböhmer,,first reisebüro schlagböhmer,de,,,,,,,51.1638175,10.4478313,,"de, germany, , , , , , 51.1638175, 10.4478313",,,,,,,,,,,,,schlagboehmer.de,,,,reisebuero_schlagboehmer/,,,,,,,,24429
first reisebüro schlagböhmer,first reisebüro gabriele schlagböhmer gmbh,first reisebüro schlagböhmer,de,north rhine-westphalia,sterkrade,oberhausen,46145,kleiner markt,,51.515830199999996,6.849060448330013,"kleiner markt, 46145 oberhausen-sterkrade","de, germany, north rhine-westphalia, oberhausen, 46145, kleiner markt, , 51.515830199999996, 6.849060448330013","first reisebüro schlagböhmer is a travel agency based in oberhausen, germany.",,,consumer services,travel agencies,other consumer services,+492086350555,+492086350555 | +49208630851,reisebuero@schlagboehmer.de,,,,reisebuero-schlagboehmer.de,de,ReisebueroSchlagboehmer/,,reisebuero_schlagboehmer/,,,,,"reiseburo, legally known as first reisebüro gabriele schlagböhmer gmbh, based in oberhausen, north rhine-westphalia, specializes in providing expert travel and cruise services. the company offers a range of travel options including cruises, individual round trips, small group tours, club vacations, and luxury voyages. they are particularly knowledgeable about expedition cruises to destinations such as greenland, antarctica, spitsbergen, and the amazon. the company has received recognition for its sustainability efforts, winning the tui franchise sustainability award.",cruise booking services | club holidays | group travel | cruises from german ports | villas with private pool | travel agency services | individual tours | vacation planning services | expedition cruises | luxury vessels,reisebuero-schlagboehmer.de | reisebueroschlagboehmer.de | schlagbohmer.de | reisebuero-schlagboemer.de | reisecenter-oberhausen.de | schlagboehmer.de,26488
first reisebüro gabriele schlagböhmer gmbh,first reisebüro gabriele schlagböhmer gmbh,,de,north rhine-westphalia,,oberhausen,46145,kleiner markt,,51.5163155,6.8487944999999995,"kleiner markt, 46145 oberhausen, germany","de, germany, north rhine-westphalia, oberhausen, 46145, kleiner markt, , 51.5163155, 6.8487944999999995","first reisebüro gabriele schlagböhmer gmbh is a travel agency based in oberhausen, germany.",,,consumer services,travel agencies,other consumer services,+492086350555,+492086350555,,,,,reisebuero-schlagboehmer.de,,,,,,,,,"first reisebüro gabriele schlagböhmer gmbh is a travel agency based in oberhausen, north rhine-westphalia, germany.",bathroom facilities | onsite services | lgbtq+ representation services | seating options | transgender safes | parking facilities | spoken lang services | wheelchair accessible entrance | travel agency services,,32653
