company_name,company_legal_names,company_commercial_names,main_country_code,main_region,main_city_district,main_city,main_postcode,main_street,main_street_number,main_latitude,main_longitude,main_address_raw_text,locations,short_description,long_description,business_tags,product_type,main_industry,main_sector,primary_phone,phone_numbers,primary_email,emails,other_emails,website_url,website_domain,website_language_code,facebook_url,twitter_url,instagram_url,linkedin_url,ios_app_url,android_app_url,youtube_url,generated_description,generated_business_tags,domains,id
orlando novelty llc.,orlando novelty llc.,,us,florida,,orlando,32837,south orange blossom trail,11757,28.3950595,-81.4039263,"11757 orange blossom trl s, orlando, florida, 32837-9229, united states","us, united states, florida, orlando, 32837, south orange blossom trail, 11757, 28.3950595, -81.4039263",,,,,,,,,,,,,orlandonovelty.com,,,,,company/orlando-novelty-llc,,,,,,,1411
orlando novelty,,orlando novelty,us,florida,,orange county,32809,premier row,1624,28.460324469449006,-81.39853611913786,"1624 premier row orlando, fl 32809","us, united states, florida, orange county, 32809, premier row, 1624, 28.460324469449006, -81.39853611913786","orlando novelty is a tobacco supplier based in orange county, florida, united states.",,vaping kits | pod systems | vape hardware | trading pins | smoke shops | cartridge batteries | shipping & policy | swordfish | heavy stone | led display,nondurable products,tobacco,other nondurable products,+14078589499,+14078589499,info@orlandonovelty.com,info@orlandonovelty.com,,,orlandonovelty.com,en,,,,,,,,"orlando novelty, legally known as orlando novelty llc., is a company based in orlando, florida, specializing in the retail of vaping and smoking products. the company offers a variety of disposable and rechargeable vapes, e-liquids, and related accessories. their product range includes items such as flavor vaporizers, pod systems, and male enhancement gummies. orlando novelty llc is known for its featured products and promotional offers, catering to customers over the age of 21.",off stamp sw9000 disposed vape kit | aegis q pod system kit | snapbar xl disposible 5% nicotine,orlandonovelty.com,3282
orlando novelty wholesale,,orlando novelty wholesale,us,florida,,orlando,32809,monetary drive,7303,28.460468519384367,-81.399829704675,"7303 monetary dr, orlando, fl 32809","us, united states, florida, orlando, 32809, monetary drive, 7303, 28.460468519384367, -81.399829704675",,,,,,,+14078589499,+14078589499,,,,,orlandonovelty.com,,,,,,,,,,,,16840
orlando novelty - smoke shop wholesaler & distributor b2b only,,orlando novelty - smoke shop wholesaler & distributor b2b only,us,florida,,orlando,32809,premier row,1624,28.460261599999995,-81.3994613,"1624 premier row, orlando, fl 32809, united states","us, united states, florida, orlando, 32809, premier row, 1624, 28.460261599999995, -81.3994613","orlando novelty - smoke shop wholesaler & distributor b2b only is a cigar & tobacco store based in orlando, florida, united states.",,,nondurable products,tobacco,other nondurable products,+14078589499,+14078589499,,,,,orlandonovelty.com,,OrlandoNovelty/,,orlandonoveltywholesale/,company/orlando-novelty-llc,,,,"orlando novelty - smoke shop wholesaler & distributor is a business located in orlando, florida, united states. it operates as a wholesaler and distributor, providing a variety of products including hookahs, pipes, scales, and vaporizers. the company serves primarily as a business-to-business service and also functions as a convenience store.",hookah products | business-to-business services | vaporizer products | tobacco wholesaler | pipe products | product scaling | convenience store services | wholesale distribution,,30370
