company_name,company_legal_names,company_commercial_names,main_country_code,main_region,main_city_district,main_city,main_postcode,main_street,main_street_number,main_latitude,main_longitude,main_address_raw_text,locations,short_description,long_description,business_tags,product_type,main_industry,main_sector,primary_phone,phone_numbers,primary_email,emails,other_emails,website_url,website_domain,website_language_code,facebook_url,twitter_url,instagram_url,linkedin_url,ios_app_url,android_app_url,youtube_url,generated_description,generated_business_tags,domains,id
dial 4 care,dial4care recruitment ltd.,dial 4 care | dial4care recruitment,gb,england,,bedford,mk40 3jj,grove place,22,52.1382294,-0.4619373,2nd floor offices 22 grove place bedford mk40 3jj,"gb, united kingdom, england, bedford, mk40 3jj, grove place, 22, 52.1382294, -0.4619373","dial 4 care is a home health care services provider based in bedford, united kingdom.","dial4care recruitment is a 24hr healthcare agency dedicated to providing and coordinating all of your health care and support needs. we at dial4care recruitment are renowned for our excellent customer care and professionalism which ensures a high standard of care and peace of mind. we offer adults and children from the age of 16 expert care and support they need to live independently. our goal is to help you maintain your independence while providing personalized and dignified care with compassion. our services focus on empowering young people to develop their social, emotional, independence and functional skills.",mental health care | elderly care | brain injury | care providers | live-in care | residential care | dementia care | physical disabilities | respite care | health care | home care services | physical disabilities care | supported living services | compliments & complaints | domiciliary care | cqc regulation | providing care | residential services | social & emotional | people we support | living independently | supported living | home care | personal care | website designing | ethnicities & cultures | tailored suits | managed servers | agency marketing | international recruitment,consumer services,social services,health care & social assistance,+441234261366,+441234261366,hr@dial4care-recruitment.com,hr@dial4care-recruitment.com | info@dial4care-recruitment.com,,,dial4care-recruitment.com,en,Dial4carerecruitment/,dial4care,dial4care/,,,,,"dial 4 care is a healthcare agency based in bedford, england, specializing in providing and coordinating various types of care services. the company offers domiciliary care, dementia care, elderly care, respite care, companionship, live-in care, condition-led care, support for young people, mental health care, physical disabilities, and residential care. dial 4 care is regulated by the care quality commission (cqc) and is known for its high standard of care and professional service. the agency collaborates with local authorities and provides personalized care plans to help individuals maintain their independence.",respite care | domiciliary care | physical disabilities | healthcare support services | support for young people | condition-led care | visual impairment treatment | mental health care | healthcare agency | brain injury care | residential services | huntingtons disease care | dementia care | personalized care plans | learning disability care,dial4care-recruitment.com,1426
dial4care recruitment,,dial4care recruitment,gb,england,castle,bedford,mk40 3jj,grove place,22,52.1382294,-0.4619373,"22 grove place, bedford, mk40 3jj, united kingdom, bedford, united kingdom","gb, united kingdom, england, bedford, mk40 3jj, grove place, 22, 52.1382294, -0.4619373",,,,,,,+441234261366,+441234261366,admin@dial4care-recruitment.com,admin@dial4care-recruitment.com,,,dial4care-recruitment.com,,Dial4carerecruitment/,,,,,,,,,,7245
dial4care recruitment,,dial4care recruitment,gb,england,,bedford,mk40 3jj,grove place,22,52.138540899999995,-0.46178890000000006,"22 grove pl, bedford mk40 3jj, united kingdom","gb, united kingdom, england, bedford, mk40 3jj, grove place, 22, 52.138540899999995, -0.46178890000000006","dial4care recruitment is a hr consulting & employment agency based in bedford, united kingdom.","dial4care recruitment is a 24hr healthcare agency dedicated to providing and coordinating all of your health care and support needs. we provide services to care homes and residence in the uk to anyone who requires our services regardless of race, gender, religion, sexual orientation, disabilities, ethnic/cultural background, or national origin",,professional services,hr services,other professional services,+441234261366,+441234261366,,,,,dial4care-recruitment.com,,,,dial4care/,,,,,"dial4care recruitment is a recruitment agency based in bedford, england, united kingdom. the company specializes in providing staffing solutions and support.",staffing solutions for healthcare facilities | support services | recruitment services,,10658
dial4care recruitment,,dial4care recruitment,gb,england,kempston,bedford,mk42 3jj,grove place,22,52.1382294,-0.4619373,"suite e& f 22 grove place, bedford, bedfordshire, united kingdom, mk42 3jj","gb, united kingdom, england, bedford, mk42 3jj, grove place, 22, 52.1382294, -0.4619373",,,,,,,,,,,,,dial4care-recruitment.com,,,,dial4care/,,,,,,,,19844
dial4care recruitment,dial4care recruitment ltd.,dial4care recruitment,gb,england,,bedford,mk40 3jj,grove place,22,52.1382294,-0.4619373,"22 grove place, bedford, mk40 3jj, united kingdom","gb, united kingdom, england, bedford, mk40 3jj, grove place, 22, 52.1382294, -0.4619373","dial4care recruitment is a hr consulting & employment agency based in bedford, united kingdom.","dial4care recruitment ltd is a health and social care service which specialises in health and social care recruitment, supported living service, high level family support and crisis intervention support.",recruitment support | staffing & recruitment | health and social care | live services,professional services,hr services,other professional services,,,,,,,dial4care-recruitment.com,,,,,company/dial4care-recruitment-ltd,,,,"dial4care recruitment ltd is a health and social care service that specializes in recruitment, supported living service, high level family support, and crisis intervention support.",supported living services | health and social care recruitments | crisis intervention | high level family support,,29731
dial4care recruitment agency,,dial4care recruitment agency | dial4care recruitment,gb,england,,bedford,,,,52.1363806,-0.4675041,"bedford, united kingdom","gb, united kingdom, england, bedford, , , , 52.1363806, -0.4675041","dial4care recruitment agency is a hr consulting & employment agency based in bedford, united kingdom.",dial4care recruitment is a 24hr healthcare agency dedicated to providing and coordinating all of your health care and support needs.,health care,professional services,hr services,other professional services,+441234261366,+441234261366,,,,,dial4care-recruitment.com,,dial4care/,,,,,,,dial4care recruitment is a 24-hour healthcare agency that specializes in coordinating and providing comprehensive healthcare and support services.,healthcare agency | 24-hour healthcare agency | care coordination services,,32158
