company_name,company_legal_names,company_commercial_names,main_country_code,main_region,main_city_district,main_city,main_postcode,main_street,main_street_number,main_latitude,main_longitude,main_address_raw_text,locations,short_description,long_description,business_tags,product_type,main_industry,main_sector,primary_phone,phone_numbers,primary_email,emails,other_emails,website_url,website_domain,website_language_code,facebook_url,twitter_url,instagram_url,linkedin_url,ios_app_url,android_app_url,youtube_url,generated_description,generated_business_tags,domains,id
avtoservis nika,,avtoservis nika,ru,moscow,tverskoy district,moscow,111675,mamonovskiy lane,10,55.7088148,37.885221,"ulitsa dmitriyevskogo, 10, moscow, russia, 111675","ru, russia, moscow, moscow, 111675, mamonovskiy lane, 10, 55.7088148, 37.885221","avtoservis nika is an auto body shop based in moscow, russia.",,,consumer services,auto services,other consumer services,+79397770515,+79397770515,,,,?opi=79508299&sa=U&ved=0ahUKEwj97Prm5vmHAxU3UaQEHa0VE9AQ61gIFygT&usg=AOvVaw3UNL2KT8GG5Tx83i-kCZ5y,nikaauto.ru,,,,nikaauto_service/,,,,,"avtoservis nika is a business located in moscow, russia, specializing in a variety of automotive services. the company offers chauffeur services, air conditioning repair, auto body repairs, auto parts sales, and radiator repair services.",chauffeur services | air conditioning repairs | automotive radiator repair services,,1443
avtolombard nika,,avtolombard nika,ru,moscow,tverskoy district,moscow,111675,mamonovskiy lane,10,55.7088148,37.885221,"ulitsa dmitriyevskogo, д 10, moscow, russia, 111675","ru, russia, moscow, moscow, 111675, mamonovskiy lane, 10, 55.7088148, 37.885221","avtolombard nika is a pawnbroker/pawn shop based in moscow, russia.",,,professional services,banks & financial services,finance & insurance,+74997000220,+74997000220,,,,autolombard,nikaauto.ru,,,,,,,,,"the avtolombard nika is a pawn shop located in moscow, russia.",retail | consumer lending services | pawn shop services,,12273
avtolombard nika,,avtolombard nika,ru,moscow oblast,,kotelniki,140053,новорязанское шоссе,6 с2,55.6644222,37.8749408,"novoryazanskoye shosse, 6, kotelniki, moscow oblast, russia, 140053","ru, russia, moscow oblast, kotelniki, 140053, новорязанское шоссе, 6 с2, 55.6644222, 37.8749408","avtolombard nika is a pawnbroker/pawn shop based in kotelniki, russia.",,,professional services,banks & financial services,finance & insurance,+74997000220,+74997000220,,,,?opi=79508299&sa=U&ved=0ahUKEwjZ5LbR3d6HAxX8q5UCHcH7FtAQ61gIFygT&usg=AOvVaw3F9KdrxjMO1ORgawRF6k3V,nikaauto.ru,,,,,,,,,"the avtolombard nika is a pawn shop located in kotelniki, moscow oblast, russia.",consumer lending services | pawn shop services,,19169
avtolombard den'gi pod zalog pts,,avtolombard den'gi pod zalog pts,ru,moscow oblast,,lyubertsy,140005,улица калараш,13,55.677261699999995,37.8834904,"ulitsa kalarash, 13, lyubertsy, moscow oblast, russia, 140005","ru, russia, moscow oblast, lyubertsy, 140005, улица калараш, 13, 55.677261699999995, 37.8834904","avtolombard den'gi pod zalog pts is a pawnbroker/pawn shop based in lyubertsy, russia.",,,professional services,banks & financial services,finance & insurance,+74997000220,+74997000220,,,,?opi=79508299&sa=U&ved=0ahUKEwjF4tWj6d2HAxVbSTABHf8wFAEQ61gIFygT&usg=AOvVaw17GHaGF7u2zywHxoaTNj5b,nikaauto.ru,,,,,,,,,"avtolombard, den'gi pod zalog pts is a pawn shop located in lyubertsy, moscow oblast, russia.",pawn shop services | sales financing services,,26627
