company_name,company_legal_names,company_commercial_names,main_country_code,main_region,main_city_district,main_city,main_postcode,main_street,main_street_number,main_latitude,main_longitude,main_address_raw_text,locations,short_description,long_description,business_tags,product_type,main_industry,main_sector,primary_phone,phone_numbers,primary_email,emails,other_emails,website_url,website_domain,website_language_code,facebook_url,twitter_url,instagram_url,linkedin_url,ios_app_url,android_app_url,youtube_url,generated_description,generated_business_tags,domains,id
ikoniks,,ikoniks,,,,,,,,,,,,,,,,,,,,,,,,,,,,i_koniks/,,,,,,,,1538
ikoniks,,ikoniks,de,,,,,,,51.1638175,10.4478313,,"de, germany, , , , , , 51.1638175, 10.4478313",ikoniks is a tech company based in germany.,,,professional services,software & it services,it&c services,+491739354932,+491739354932,,,,,ikoniks.de,,,,,,,,,ikoniks is a company that operates in the software sector and provides various services.,service establishment | custom programming services | software development company,,13543
ikoniks,,ikoniks,de,baden-württemberg,möhringen,stuttgart,70567,filderbahnplatz,35,48.7307986,9.1491878,"filderbahnpl. 35, 70567 stuttgart, germany","de, germany, baden-württemberg, stuttgart, 70567, filderbahnplatz, 35, 48.7307986, 9.1491878","ikoniks is a tech company based in stuttgart, germany.",,,professional services,software & it services,it&c services,+491739354932,+491739354932,,,,,ikoniks.de,,,,,,,,,"ikoniks is a software company based in stuttgart, baden-württemberg, germany.",software development and implementation of software | software solutions provider | custom programming services,,14512
ikoniks,,ikoniks,de,baden-württemberg,,stuttgart,,,,48.7784485,9.1800132,", stuttgart, baden-wuerttemberg, germany","de, germany, baden-württemberg, stuttgart, , , , 48.7784485, 9.1800132",,"in 2020 ikoniks as an international company located in germany was established with passion and creativity, we transport you, your business, and your ideas to another level of success. for the full-cycle product development, we generated a team, which include a project manager, biz analyst, ui/ux designer, graphic designers, team lead, front and back-end software developers, and qa engineer. these specialists are chosen according to the customer's requirements in terms of their expertise, qualifications and skills.",ui and ux design | software development | graphics designers | it consulting services | project management,,,,+491739354932,+491739354932,,,,,ikoniks.de,,Ikoniks-101486788394291,IKONIKS5,i_koniks/,company/ikoniks,,,,"ikoniks is an international company based in germany that was established in 2020. they specialize in product development and have a team of experts including a project manager, biz analyst, ui/ux designer, graphic designer, team lead, front and back-end software developer, and qa engineer. these specialists are selected based on their expertise, qualifications, and skills to meet the customer's requirements.",ui and ux design | team lead | design graphic | qa engineering | software development services | full-cycle product development | business analysis | project management | front-end and back-end app development,,22707
ikoniks,,ikoniks,de,baden-württemberg,,stuttgart,,,,48.7784485,9.1800132,filderbahnplatz.35 70567 stuttgart,"de, germany, baden-württemberg, stuttgart, , , , 48.7784485, 9.1800132","ikoniks is a graphic design company based in stuttgart, germany.","wir behandeln zwischen den zeilen. ihr unternehmen wird sicher und einfach sein. mit leidenschaft und kreativität bringen wir sie, ihr unternehmen und ihre ideen auf eine andere erfolgsebene. diese spezialisten werden nach den anforderungen des kunden hinsichtlich ihres fachwissens, ihrer qualifikationen und fähigkeiten ausgewählt. mit insgesamt 20 jahren erfahrung.",,professional services,graphic design,advertising & marketing,+491739354932,+491739354932,service@ikoniks.de,service@ikoniks.de,,,ikoniks.de,de,Ikoniks-101486788394291/,IKONIKS5,i_koniks/,,,,channel/UC-ggTO1LtzSKyUIsHBgr0pQ,"iks ikoniks, legally known as ikoniks german web development company, based in stuttgart, baden-württemberg, is a leading provider of web design and development services in germany. the company offers a range of services including 3d design, web design and development, software engineering, branding, and graphic design. ikoniks specializes in transforming business ideas into successful digital products, supported by a team of experienced professionals with a combined 20 years of expertise. the company was founded during the covid-19 pandemic to address the challenges posed by the crisis.",consulting services | ui/ux design services | web design services | 3d outsourcing services | software engineering services | marketing services | branding services,ikoniks.de,31894
