company_name,company_legal_names,company_commercial_names,main_country_code,main_region,main_city_district,main_city,main_postcode,main_street,main_street_number,main_latitude,main_longitude,main_address_raw_text,locations,short_description,long_description,business_tags,product_type,main_industry,main_sector,primary_phone,phone_numbers,primary_email,emails,other_emails,website_url,website_domain,website_language_code,facebook_url,twitter_url,instagram_url,linkedin_url,ios_app_url,android_app_url,youtube_url,generated_description,generated_business_tags,domains,id
dr. zach haws,,dr. zach haws,us,idaho,,kuna,83634,north linder road,1621,43.5045244,-116.4148229,"1621 linder rd, kuna, id 83634","us, united states, idaho, kuna, 83634, north linder road, 1621, 43.5045244, -116.4148229","dr. zach haws is a dentists & dental clinic based in kuna, idaho, united states.",,,consumer services,dentists & dental clinics,health care & social assistance,+12089225111,+12089225111,,,,?opi=79508299&sa=U&ved=0ahUKEwizqpbAwMyHAxVhSDABHf1zFWYQ61gIEigO&usg=AOvVaw0oNAQKcvxxPpkHwVPeTPig,swanfallsfamilydentistry.com,,,,,,,,,"dr. zach haws is a dentist based in kuna, idaho, united states.",healthcare services | dental service,,16516
swan falls family dentistry pllc,swan falls family dentistry pllc,,us,idaho,,kuna,83634,north linder road,1621,43.504581451416016,-116.41475677490234,"united states, idaho, kuna, 1621 n linder rd, 83634","us, united states, idaho, kuna, 83634, north linder road, 1621, 43.504581451416016, -116.41475677490234",,,,,,,+12083425905,+12083425905,,,,,swanfallsfamilydentistry.com,,,,,,,,,,,swanfallsfamilydentistry.com,16894
swan falls family dentistry,,swan falls family dentistry,us,idaho,,kuna,83634,north linder road,1621,43.5045801,-116.414757,"1621 linder road, kuna, idaho, 83634, united states","us, united states, idaho, kuna, 83634, north linder road, 1621, 43.5045801, -116.414757",,,medical practices | general dentistry | medical practice | health & medical | hospital care | general dentists,,,,+12089225111,+12089225111,,,,,swanfallsfamilydentistry.com,,Swan-Falls-Family-Dentistry-148464298124/,AHawsDDS,,company/swan-falls-family-dentistry,,,,,,swanfallsfamilydentistry.com,17499
swan falls dentistry,,swan falls dentistry | swan falls family dentistry,us,idaho,,kuna,83634,north linder road,1621,43.5045801,-116.414757,"1621 n. linder rd.,kuna,id 83634","us, united states, idaho, kuna, 83634, north linder road, 1621, 43.5045801, -116.414757","swan falls dentistry is a dentists & dental clinic based in kuna, idaho, united states.","contact swan falls family dentistry today at (208) 922-5111 or visit our office servicing kuna, id.",,consumer services,dentists & dental clinics,health care & social assistance,+12089225111,+12089225111,swanfallsfamilydentistry@gmail.com,,,,swanfallsfamilydentistry.com,en,Swan-Falls-Family-Dentistry-148464298124/,AHawsDDS,,,,,,"swan falls family dentistry is a dental practice located in kuna, idaho. the clinic offers a range of general dental services, including cleanings, exams, tooth-colored fillings, porcelain crowns, zirconia crowns, teeth whitening, partial dentures, and veneers. the practice is dedicated to providing personalized and gentle care to patients and their families. the team, led by dr. anneliese taylor-haws, is committed to delivering high-quality dental care.",wisdom teeth and extractions | oral and maxillofacial surgery | sleep apnea appliances | oral hygiene aids | porcellain veneers | bone grafts | mini implants | dentures & partial dentures | fluoride treatments | composite fillings | cosmetic dentistry | botox for tmj treatment | empress restorations | dental exams and cleanings | home care | porcelain fixed bridges | cleaning and prevention | platelet-rich plasma therapy | teeth whitening | dental sealants | impacted canines | digital x rays | panoramic x rays | oral pathology,swanfallsfamilydentistry.com,27900
swan falls family dentistry,,swan falls family dentistry,us,idaho,,kuna,83634,north linder avenue,1621,43.5045764,-116.414726,"1621 n linder ave, kuna, id 83634, united states","us, united states, idaho, kuna, 83634, north linder avenue, 1621, 43.5045764, -116.414726","swan falls family dentistry is a dentists & dental clinic based in kuna, idaho, united states.",,,consumer services,dentists & dental clinics,health care & social assistance,+12089225111,+12089225111,,,,,swanfallsfamilydentistry.com,,Swan-Falls-Family-Dentistry-148464298124/,,,,,,,"swan falls family dentistry is a dental clinic located in kuna, idaho, united states. the clinic offers various dental services and is categorized under the healthcare sector.",denture services | dental fillings | healthcare services | dental check-ups,,28901
