company_name,company_legal_names,company_commercial_names,main_country_code,main_region,main_city_district,main_city,main_postcode,main_street,main_street_number,main_latitude,main_longitude,main_address_raw_text,locations,short_description,long_description,business_tags,product_type,main_industry,main_sector,primary_phone,phone_numbers,primary_email,emails,other_emails,website_url,website_domain,website_language_code,facebook_url,twitter_url,instagram_url,linkedin_url,ios_app_url,android_app_url,youtube_url,generated_description,generated_business_tags,domains,id
wisconsin granite,,wisconsin granite,us,wisconsin,,oak creek,53154,south 27th street,6720,42.923321900000005,-87.94880549999999,"6720 s 27th st, oak creek, wisconsin, 53154-1335, united states","us, united states, wisconsin, oak creek, 53154, south 27th street, 6720, 42.923321900000005, -87.94880549999999",,,,,,,+14147617777,+14147617777,,,,,wisconsingranitedesign.com,,,,,,,,,,,,1829
wisconsin granite design,,wisconsin granite design,us,wisconsin,,oak creek,53154,south 27th street,6720,42.9232711,-87.9486764,"6720 s 27th st, oak creek, wi 53154","us, united states, wisconsin, oak creek, 53154, south 27th street, 6720, 42.9232711, -87.9486764","wisconsin granite design is a marble, granite & stone products supplier based in oak creek, wisconsin, united states.","my name is lena dardha and i am the proud owner of wisconsin granite design located at the heart of business district in oak creek wisconsin. being a women owned business is very challenging but quite rewarding especially in the construction business. our local business is specialized in budget friendly design and installation of granite, quartz, and marble countertops. we offer countertop installation, remodeling, and renovation services for customers throughout wisconsin and illinois! we are experts in delivering beautiful countertops for your residence. let us help you choose the best granite materials. we work with home owners and contractors! contact us: 4147617777 or email at info@wisconsingranitedesign.com",,capital products,concrete & stone,building products,+14147617777,+14147617777,,,,,wisconsingranitedesign.com,,wisgranite/,,,,,,,"wisconsin granite design is a company based in oak creek, wisconsin, united states. it operates in multiple categories including countertop store, cabinet store, granite supplier, marble contractor, and tile store.",kitchen remodels | guarantee services | stone installation | in-store shopping | tile store | granite supplier | assembly and service | marble and granite contractor,,3474
wisconsin granite design llc.,wisconsin granite design llc.,,us,wisconsin,,oak creek,53154,south 27th street,6720,42.92369079589844,-87.94953155517578,"united states, wi, oak creek, 6720 s 27th street, 53154-1335","us, united states, wisconsin, oak creek, 53154, south 27th street, 6720, 42.92369079589844, -87.94953155517578",,,,,,,,,,,,,wisconsingranitedesign.com,,,,,,,,,,,wisconsingranitedesign.com,31485
wisconsin granite design - milwaukee,,wisconsin granite design - milwaukee,us,wisconsin,,oak creek,53154,south 27th street,6720,42.923321900000005,-87.94880549999999,"6720 s 27th st, 53154, oak creek, wisconsin, estados unidos, wisconsin","us, united states, wisconsin, oak creek, 53154, south 27th street, 6720, 42.923321900000005, -87.94880549999999",,,,,,,+14147617777,+14147617777,info@wisconsingranitedesign.com,info@wisconsingranitedesign.com,,,wisconsingranitedesign.com,,wisgranite/,,,,,,,,,wisconsingranitedesign.com,31569
wisconsin granite design,,wisconsin granite design | wisconsin,us,wisconsin,,oak creek,53154,south 27th street,6720,42.923321900000005,-87.94880549999999,"6720 s 27th st, oak creek, wi 53154
4.6
146 reviews
view larger map","us, united states, wisconsin, oak creek, 53154, south 27th street, 6720, 42.923321900000005, -87.94880549999999","wisconsin granite design is a marble, granite & stone products supplier based in oak creek, wisconsin, united states.","we install quartz, marble, & granite for kitchens, bathrooms, and more. we are wisconsin's #1 source for kitchen countertops, renovations, and remodeling. our local business is specialized in budget friendly design and installation of granite, quartz, and marble countertops. we offer countertop installation, remodeling, and renovation services for customers throughout wisconsin and illinois. we are experts in delivering beautiful countertops for your residence. we work with home owners and contractors. marble is elegant, long lasting, and durable. give us a call today to get started. we are wisconsin's top-rated granite countertop sales and installation contractors. we custom fabricate and install numerous stones for residents throughout wisconsin including: granite, marble, and quartz. one of the best in the milwaukee area, wisconsin granite design is known for its wide selection of granite available in shop. our countertop contractors provide professional granite, quartz, and marble install solutions throughout our community and beyond.",design & installation | kitchen & bathrooms | countertop fabrication | countertop installation | installation | american olean | quartz & marble | custom countertops | kitchens and countertops | water-jet cutting | countertop gallery | marble countertops | sink and faucet | cabinet design | caesar stone | kitchen visualizer | tiling and flooring | bathroom visualizer | granite & marble | remodeling & renovation | farmhouse sink | don t play | granite counter tops | stone slabs | granite supplier | quartz countertops | radio stations | quartz surfaces | stone countertops | marble slab | kitchen and bathroom remodels | tile and stone | finished jobs | marble installation | countertop store | interior design | laser templating,capital products,concrete & stone,building products,+14147617777,+14147617777,,,,,wisconsingranitedesign.com,en,wisgranite/,,wisconsingranitedesign/,,,,channel/UC5TiKBm2So0E3NhqXNAysKg,"wisconsin granite design is a local business that specializes in budget-friendly design and installation of granite, quartz, and marble countertops for kitchens, bathrooms, and more. they are wisconsin's top-rated granite countertop sales and installation contractors, with over 145 different selections of granite and marble available in their shop. they also offer a wide selection of quartz options such as silestone, hanstone, caesar stone, and zodiaq. in addition, they provide tile supply and installation services for tile, collaborating with vendors such as daltile, american olean, marazzi, msi, pro cosentino, stonepeak american floor tile, and many more. wisconsin granite designs also offers faucets and sinks from vendors such like artisan, cygnet stainless, blanco, and kohler. they custom fabricate and install numerous stones for residents throughout wisconsin, including granite, marble, and quartz.",remodeling services | caesarstone countertops retailer | tile installation services | custom cabinetry services | kitchen and bathroom remodels | zodiaq countertops distributor | granite installation | granite or quartz countertops | tile projects | sink and faucet,wisconsingranitedesign.com,32772
