company_name,company_legal_names,company_commercial_names,main_country_code,main_region,main_city_district,main_city,main_postcode,main_street,main_street_number,main_latitude,main_longitude,main_address_raw_text,locations,short_description,long_description,business_tags,product_type,main_industry,main_sector,primary_phone,phone_numbers,primary_email,emails,other_emails,website_url,website_domain,website_language_code,facebook_url,twitter_url,instagram_url,linkedin_url,ios_app_url,android_app_url,youtube_url,generated_description,generated_business_tags,domains,id
roarsome soft play,,roarsome soft play | roarsome,gb,england,,darlington,dl1 4we,morton park way,morton trade park,54.5228853,-1.5050657,"unit 1 morton trade park, darlington, dl1 4we","gb, united kingdom, england, darlington, dl1 4we, morton park way, morton trade park, 54.5228853, -1.5050657","roarsome soft play is an arcades & amusement park based in darlington, united kingdom.","darlington's number 1 children's party destination - book your party today. great food, great prices and great staff. the best softplay in darlington.",bumper cars | outdoor play area | party package | safe environment,consumer services,"gardens, parks & playgrounds","arts, entertainment & recreation",,,,,,,roarsomeplay.com,en,RoarsomePlay/,,,,,,,"roarsome is a soft play and party center located in darlington, england. the facility offers a variety of activities for children, including soft play, climbing trees, bumper cars, and character interactions. roarsome also hosts birthday parties and private hires, providing party packages to suit different budgets. the center operates a stay and play policy, allowing visitors to stay as long as they wish during the day.",bumper cars | children’s party venue | safe environment | soft play area | stay and play policy | food menu | birthday party packages | childrens activities | christmas tickets | character appearances | tree climbing | private hire,roarsomeoffroad.com | roarsomeplay.com,15931
roarsome soft play and party centre,,roarsome soft play and party centre,gb,england,,darlington,dl1 5pw,,,54.5242081,-1.5555812,"1 morton trade park, morton park way, darlington, united kingdom","gb, united kingdom, england, darlington, dl1 5pw, , , 54.5242081, -1.5555812",,,,,,,+441325481616,+441325481616,info@gardenerleisure.com,,,,roarsomeplay.com,,RoarsomePlay/,,,,,,,,,,18910
roarsome soft play,,roarsome soft play,gb,england,,darlington,dl1 4we,morton park way,morton trade park,54.521534700000004,-1.5050309999999998,"morton trade park, 1 morton pk wy, darlington dl1 4we, united kingdom","gb, united kingdom, england, darlington, dl1 4we, morton park way, morton trade park, 54.521534700000004, -1.5050309999999998","roarsome soft play is a playground based in darlington, united kingdom.","welcome to roarsome! darlington's premier play centre. we have a huge playframe, coconut climbing tree, character visits and much more! prices are just £7.50 for all children aged 1 to 12 years. on school days you will also receive a free meal voucher for your child under our legendary kids eat free deal. under 1s with a paying sibling and adults go free (£3 charge for under 1's coming in without a paying sibling). we also have a huge selection of party packages to suit any budget. from a standard party with food, ice cream and party bags to sleepover parties, we have what it takes to make your child's birthday a memorable one. no booking is required at our facility, you can just come and pay at the door.",,consumer services,"gardens, parks & playgrounds","arts, entertainment & recreation",+441325481616,+441325481616,,,,,roarsomeplay.com,,,,,,,,,"roarsome soft play is a children's amusement center and indoor playground located in darlington, england.",parking facilities | live performances | foodservice | wheelchair accessible rooms | restaurant | childrens amusement center | childrens entertainment | indoor playgrounds,,20358
roarsome play,,roarsome play,gb,england,,darlington,dl1 4pq,morton park way,,54.5213204,-1.5017665,"morton park way, darlington, dl1 4, united kingdom","gb, united kingdom, england, darlington, dl1 4pq, morton park way, , 54.5213204, -1.5017665",,,,,,,,,,,,,roarsomeplay.com,,,,,company/roarsome-play,,,,,,roarsomeplay.com,31798
welcome to roarsome,,welcome to roarsome,gb,england,,darlington,dl1 5pw,,,54.5242081,-1.5555812,"1 morton trade park, morton park way, darlington, united kingdom","gb, united kingdom, england, darlington, dl1 5pw, , , 54.5242081, -1.5555812",,,,,,,+441325481616,+441325481616,info@gardenerleisure.com,,,,roarsomeplay.com,,Roarsomeplay/,,,,,,,,,,32649
