company_name,company_legal_names,company_commercial_names,main_country_code,main_region,main_city_district,main_city,main_postcode,main_street,main_street_number,main_latitude,main_longitude,main_address_raw_text,locations,short_description,long_description,business_tags,product_type,main_industry,main_sector,primary_phone,phone_numbers,primary_email,emails,other_emails,website_url,website_domain,website_language_code,facebook_url,twitter_url,instagram_url,linkedin_url,ios_app_url,android_app_url,youtube_url,generated_description,generated_business_tags,domains,id
ocean blue high class hotel,,ocean blue high class hotel,tr,aegean region,tuzla mahallesi,fethiye,48300,mustafa kemal bulvarı,,36.6269484,29.1242435,,"tr, turkey, aegean region, fethiye, 48300, mustafa kemal bulvarı, , 36.6269484, 29.1242435",,,,,,,,,,,,,oceanbluehighclass.com,,,,oceanbluehighclass/,,,,,,,,16353
ocean blue high class hotel,,ocean blue high class hotel,tr,muğla,,fethiye,48300,,,36.60828002837838,29.121473945945947,"fethiye,
48300, turkey","tr, turkey, muğla, fethiye, 48300, , , 36.60828002837838, 29.121473945945947","ocean blue high class hotel is a hotel based in fethiye, turkey.",,hospitality | leisure & tourism,consumer services,accommodation,accommodation & food services,,,,,,,oceanbluehighclass.com,,OceanBlueHighClassHotel,,,company/ocean-blue-high-class-hotel,,,,,,oceanbluehighclass.com,20534
ocean blue high class hotel,,ocean blue high class hotel,tr,muğla,,fethiye,48300,,,36.60828002837838,29.121473945945947,", fethiye, 48300, turkey","tr, turkey, muğla, fethiye, 48300, , , 36.60828002837838, 29.121473945945947","ocean blue high class hotel is a hotel based in fethiye, turkey.",,leisure & tourism | hospitality,consumer services,accommodation,accommodation & food services,,,,,,,oceanbluehighclass.com,,OceanBlueHighClassHotel,,,company/ocean-blue-high-class-hotel,,,,,,,21527
ocean blue high class hotel,,ocean blue high class hotel,tr,muğla,,fethiye,48300,ata caddesi,6,36.5741667,29.137222199999997,"ölüdeniz, ata cd. no:6, 48300 fethiye/muğla, türkiye","tr, turkey, muğla, fethiye, 48300, ata caddesi, 6, 36.5741667, 29.137222199999997","ocean blue high class hotel is a hotel based in fethiye, turkey.","airy quarters, some with swim-up balconies, in a laid-back hotel offering dining, a spa & 2 pools.",,consumer services,accommodation,accommodation & food services,+902522114161,+902522114161,,,,,oceanbluehighclass.com,,,,oceanbluehighclass/,,,,,"the ocean blue high class hotel is a multifaceted establishment located in fethiye, turkey. it offers a variety of amenities including dining options, a spa, and two public swimming pools. the hotel features airy quarters, some of which have swim-up balconies, and provides informal lodging. additionally, it includes a bar, a dinner theater, and a tanning salon.",dining options | dinner theater services | hotel accommodations | swimming pool services | spa treatments | bar services | restaurant services | tanning services,,25656
ocean blue high class,,ocean blue high class | ocean blue | ocean blue otel | ocean blue high class hotel,tr,muğla,,fethiye,48330,197. sokak,,36.57431178266153,29.13712723815919,,"tr, turkey, muğla, fethiye, 48330, 197. sokak, , 36.57431178266153, 29.13712723815919","ocean blue high class is a hotel based in fethiye, turkey.","our company was established in 1991 as beşi̇k i̇nşaat taahhüt turz.ti̇c.ve i̇th.i̇hr.san.ltd.şti̇. was established in fethiye under the title. our mission ''to provide superior services, service and quality to our customers with fast adaptations by closely following the developing dynamic tourism world.''. our vision ''to help the promotion of the region to the world in the field of tourism and to play an active role in the field of tourism by providing a serious, reliable, customer-oriented service and producing fast solutions in all our tourism activities with our well-educated colleagues.''. as ocean blue high class hotel, we are aware that the development of sustainable tourism and the needs of existing tourists and the people of the region are met by creating protection and improvement opportunities for the future.",viewing room | restaurants and bars | delux rooms | bar food menu | turkish baths | open kitchen | bar drinks | french bed | night life | sustainable tourism | natural environment | dream weddings | life support systems | travel experience | ships agency | packages and tours | shipping management | passenger transportation | blue cruise | human resources | data & protection,consumer services,accommodation,accommodation & food services,+902522114161,+902522114161 | +902526167646 | +905522652693 | +905355230276,info@oceanbluehighclass.com,info@oceanbluehighclass.com | gm@oceanbluehighclass.com,,,oceanbluehighclass.com,en,oceanbluehighclasshoteltr/,oceanbluehigh,oceanbluehighclass/,,,,,"ocean blue high class is a hotel located in fethiye, in the aegean region. established in 1991, the company offers a variety of accommodation options including deluxe rooms with jacuzzis, swim-up rooms, pool view rooms, outside view rooms, family connection rooms with bunk beds, and 3+1 apartments with open kitchens. the hotel also features a restaurant, bar, and a spa with turkish baths. ocean blue high class is committed to sustainable tourism and aims to provide superior services and quality to its customers. the hotel is situated just 50 meters from the lively hisaronu town center and 3 kilometers from the oludeniz lagoon and beach.",a la carte chef menu | outdoor view rooms | road passenger transport | accommodation services | family room with bunk beds | 2+1 open kitchen room | virtual tour 360 | 2+1 apartments | swimming room | tour and travel services | hoteluxe jacuzzi room | ship management services | sun bar drinks and food menu | turkish bath services | wedding event organization | 3d images | restaurant services,oceanbluehighclass.com,27237
