company_name,company_legal_names,company_commercial_names,main_country_code,main_region,main_city_district,main_city,main_postcode,main_street,main_street_number,main_latitude,main_longitude,main_address_raw_text,locations,short_description,long_description,business_tags,product_type,main_industry,main_sector,primary_phone,phone_numbers,primary_email,emails,other_emails,website_url,website_domain,website_language_code,facebook_url,twitter_url,instagram_url,linkedin_url,ios_app_url,android_app_url,youtube_url,generated_description,generated_business_tags,domains,id
intergalactic messengers,,intergalactic messengers,us,new york,,west babylon,11704,mahan street,116,40.7393473,-73.3780495,"116 mahan st, west babylon, ny 11704","us, united states, new york, west babylon, 11704, mahan street, 116, 40.7393473, -73.3780495",,,,,,,+16318924187,+16318924187,,,,?opi=79508299&sa=U&ved=0ahUKEwjX_Lei2dqHAxXahIkEHaCeIegQ61gIECgN&usg=AOvVaw0gNyjT6bkcwrmfbbQ2F9B6,igm.space,,,,,,,,,"the intergalactic messengers is an association or organization based in west babylon, new york, united states.",communication facilitation | business association,,15965
the intergalactic messengers,the intergalactic messengers inc.,the intergalactic messengers | intergalactic messengers | igm federation | igm,us,new york,,west babylon,11704,mahan street,116,40.73825487364266,-73.37735737578677,"116 mahan street, west babylon ny 11704, u.s.a | earth","us, united states, new york, west babylon, 11704, mahan street, 116, 40.73825487364266, -73.37735737578677","the intergalactic messengers is an association based in west babylon, new york, united states.",meet the intergalactic messengers. the intergalactic messengers are the heroes inside us all. this is an invitation to all the intergalactic messengers on earth to share your mission with the igm federation. yet the issues are conquered every day with your creative solutions. creating solutions with an outcome for the betterment of all. read each of the messenger's personalities. sir cinna duplare is a jolly old knight. ivy wants to help relationships grow by passing messages between kindred souls. roman believes that nothing is more powerful than a written message of support. miss regndropa is a hopeless romantic that loves nothing more than bringing people in love closer together. christa's beacon lantern. tobias frogga is the most energetic messenger of them all. the igm federation is looking for those willing to change the world. this message is especially important for a significant other in your life that is your copilot through the cosmos. bottle mission: a bottle mission is an act of responsibility that an individual or group will take to create a positive change for the future.,tower of power | curtain call | online shopping | messages of support,non profit,associations,non profit,+16318924817,+16318924817 | +16318924187,info@igm.space,,,,intergalacticmessengers.com,en,InterGalacticMessengers/,IGM_Federation,InterGalacticMessengers/,,,,channel/UClSM5wpDNdyQ84g22gTf9EA,"intergalactic messengers, legally known as the intergalactic messengers inc., based in west babylon, new york, is a company dedicated to promoting creative solutions and positive change. the company operates under the intergalactic messengers federation (igm federation), which aims to inspire individuals to address global issues through creative means. the igm federation engages in various activities such as organizing events, contests, and scavenger hunts, and encourages the spread of goodwill and positive messages. the company's mission is to foster a sense of unity and cooperation among individuals, promoting a peaceful and loving coexistence.",planetary scavenger hunt | goodwill dispatch reporter | contest calendar | bottle missions | creative solutions provider,intergalacticmessengers.com | intergalacticmessengers.space | igm.space,21326
igm federation,,igm federation,ch,,,,,,,46.7985624,8.2319736,,"ch, switzerland, , , , , , 46.7985624, 8.2319736",,,,,,,,,,,,,igm.space,,,,InterGalacticMessengers/,,,,,,,,24132
intergalactic messengers,,intergalactic messengers,,,,,,,,,,,,,the intergalactic messengers tell a good story. every day people bring positive change through their actions. here we can spread the word.,,,,,,,info@igm.space,,,,intergalacticmessengers.com,,InterGalacticMessengers/,,,,,,,the intergalactic messengers is a company that aims to spread positive change through actions.,community engagement platform | media platform | positive storytelling platform,,25845
