company_name,company_legal_names,company_commercial_names,main_country_code,main_region,main_city_district,main_city,main_postcode,main_street,main_street_number,main_latitude,main_longitude,main_address_raw_text,locations,short_description,long_description,business_tags,product_type,main_industry,main_sector,primary_phone,phone_numbers,primary_email,emails,other_emails,website_url,website_domain,website_language_code,facebook_url,twitter_url,instagram_url,linkedin_url,ios_app_url,android_app_url,youtube_url,generated_description,generated_business_tags,domains,id
oghma finishing school,,oghma finishing school | oghma,in,haryana,,gurugram,122003,,,28.43318679722222,77.07524244722222,"90, gurugram, haryana, 122003, india","in, india, haryana, gurugram, 122003, , , 28.43318679722222, 77.07524244722222","oghma finishing school is a language & speaking school based in gurugram, india.","oghma is an institute which assures a definite positive change in your personality and communication. creating a conducive environment of learning it provides the opportunity to hone your personality, attitude and behavior with the latest pedagogy.",,education,professional schools,education,,,,,,,oghma.co.in,,oghmafinishingschool/,,oghm.aschooloflearning/,company/oghma-school,,,,,,,1852
oghma finishing school,,oghma finishing school | oghma,in,haryana,,gurugram,122003,,,28.435531343478264,77.07804886086956,"90, gurugram, haryana, 122003, india","in, india, haryana, gurugram, 122003, , , 28.435531343478264, 77.07804886086956","oghma finishing school is a language & speaking school based in gurugram, india.","oghma is an institute which assures a definite positive change in your personality and communication. creating a conducive environment of learning it provides the opportunity to hone your personality, attitude and behavior with the latest pedagogy.",government administration | education administration programs,education,professional schools,education,,,,,,,oghma.co.in,,oghmafinishingschool/,,oghm.aschooloflearning/,company/oghma-school,,,,"oghma is an institute that focuses on promoting positive changes in personality and communication through a conducive learning environment. they offer the latest pedagogy to help individuals develop their personality, attitude, and behavior.",personality development | learning environment | educational institute | latest pedagogy | educational resources | communication improvement,oghma.co.in,21292
oghma,,oghma,in,haryana,,gurugram,122002,infocity phase 1,,28.43084716796875,77.01591491699219,"6th floor, c-61b, supermart-1, dlf phase iv, gurugram, haryana 122002, india","in, india, haryana, gurugram, 122002, infocity phase 1, , 28.43084716796875, 77.01591491699219","oghma is a language & speaking school based in gurugram, india.","oghma -the binder of knowledge, is an institute which assures a definite positive change in your personality and communication. creating a conducive environment of learning it provides the opportunity to hone your personality , attitude and behaviour with the latest pedagogy. we are a team of young professionals from the field of academics and corporate who are passionate about developing individuals to achieve their career aspirations. since the need of every individual is different we at oghma strongly believe that rather than you fit yourself in the right course, we customize the course to fit you.",,education,professional schools,education,,,,,,,oghma.co.in,,,,,,,,,"oghma - the binder of knowledge is an institute that aims to bring positive changes in personality and communication through a conducive learning environment. with a team of young professionals from academia and corporate fields, oghma is dedicated to developing individuals to achieve their career aspirations. they believe in customizing courses to meet the unique needs of each individual, rather than offering predetermined options.",educational institute | personality development | communication skills development | conducive learning environment | career goals and aspirations | customised courses | knowledge binder | positive change | latest pedagogy,oghma.co.in,21463
oghma finishing school,,oghma finishing school | oghma,in,haryana,,gurugram,122003,,,28.435531343478264,77.07804886086956,"90, gurugram, haryana, 122003, india","in, india, haryana, gurugram, 122003, , , 28.435531343478264, 77.07804886086956","oghma finishing school is a language & speaking school based in gurugram, india.","oghma is an institute which assures a definite positive change in your personality and communication. creating a conducive environment of learning it provides the opportunity to hone your personality, attitude and behavior with the latest pedagogy.",government administration | education administration programs,education,professional schools,education,,,,,,,oghma.co.in,,oghmafinishingschool/,,oghm.aschooloflearning/,company/oghma-school,,,,"oghma is an institute that focuses on promoting positive changes in personality and communication through a conducive learning environment. they offer the latest pedagogy to help individuals develop their personality, attitude, and behavior.",learning environment | communication improvement | educational institute | latest pedagogy | personality development | educational resources,,24430
oghma finishing school,,oghma finishing school | oghma,in,haryana,,gurgaon,,,,28.4507064,77.0738281,"ist floor, building 90 sector 44, gurgaon, haryana, india, haryana","in, india, haryana, gurgaon, , , , 28.4507064, 77.0738281","oghma finishing school is a language & speaking school based in gurgaon, india.","oghma is an institute which assures a definite positive change in your personality and communication. creating a conducive environment of learning it provides the opportunity to hone your personality, attitude and behavior with the latest pedagogy.",,education,professional schools,education,+919810858207,+919810858207,contact@oghma.co.in,contact@oghma.co.in,,,oghma.co.in,,oghmafinishingschool/,,,,,,,"oghma is an institute that focuses on promoting positive changes in personality and communication through a conducive learning environment. they offer the latest pedagogy to help individuals develop their personality, attitude, and behavior.",educational institute | latest pedagogy | communication improvement | learning environment | personality development | educational resources,oghma.co.in,24747
