company_name,company_legal_names,company_commercial_names,main_country_code,main_region,main_city_district,main_city,main_postcode,main_street,main_street_number,main_latitude,main_longitude,main_address_raw_text,locations,short_description,long_description,business_tags,product_type,main_industry,main_sector,primary_phone,phone_numbers,primary_email,emails,other_emails,website_url,website_domain,website_language_code,facebook_url,twitter_url,instagram_url,linkedin_url,ios_app_url,android_app_url,youtube_url,generated_description,generated_business_tags,domains,id
mcdermott paint and wallpaper,,mcdermott paint and wallpaper | mcdermott paint & wallpaper,us,connecticut,,greenwich,06830,spring street,35,41.0198029,-73.6359448,"35 spring st, greenwich, connecticut, 06830-6128, united states","us, united states, connecticut, greenwich, 06830, spring street, 35, 41.0198029, -73.6359448","mcdermott paint and wallpaper is a paints, coatings, dyes & pigments supplier based in greenwich, connecticut, united states.","mcdermott paint & wallpaper is your local choice to find inspiration and support about your paint and stain product choices and color selections. we are dedicated to serving our local community of greenwich, ct.",painting & wallpaper | building materials | paints & stains,capital products,adhesives & paints,raw materials,+12036220699,+12036220699,,,,,mcdermottpaintwallpaper.com,,,,,company/mcdermott-paint-and-wallpaper,,,,"mcdermott paint & wallpaper is a company based in greenwich, ct that provides inspiration and support for customers seeking paint and stain product choices and color selections. they are committed to serving the local community.",color selections | wholesale | wallpapers | retail | paint and stain products,mcdermottpaintwallpaper.com,1476
mcdermott paint and wallpaper inc.,mcdermott paint and wallpaper inc.,,us,connecticut,,greenwich,06830,spring street,35,41.01980209350586,-73.63594818115234,"united states, ct, greenwich, 35 spring st, 06830-6128","us, united states, connecticut, greenwich, 06830, spring street, 35, 41.01980209350586, -73.63594818115234",,,,,,,,,,,,,mcdermottpaintwallpaper.com,,,,,,,,,,,mcdermottpaintwallpaper.com,19107
mcdermott paint,mcdermott paint & wallpaper benjamin moore & co.,mcdermott paint | mcdermott paint & wallpaper,us,connecticut,,greenwich,06830,spring street,35,41.0198029,-73.6359448,"35 spring st
greenwich , ct 06830-6128","us, united states, connecticut, greenwich, 06830, spring street, 35, 41.0198029, -73.6359448","mcdermott paint is a paints, coatings, dyes & pigments supplier based in greenwich, connecticut, united states.","explore a range of benjamin moore interior paints for any size project or budget. find the right product for your next project-and let us help with the particulars. about our store mcdermott paint & wallpaper is an authorized benjamin moore retailer specializing in interior and exterior paint and stain supplies. we are dedicated to serving our local community of greenwich , ct. mcdermott paint & wallpaper is an authorized benjamin moore retailer specializing in interior and exterior paint and stain supplies. mcdermott paint & wallpaper is your local choice to find inspiration and support for your paint and stain product choices and color selections.",painting & wallpaper | interior and exterior painting | exterior paints | exterior stains | interior paints | paints and stains | paint colors | interiors and paint | interior painting & exterior | paints & stains | commercial grading | benjamin moore,capital products,adhesives & paints,raw materials,+12036220699,+12036220699,mcdpnt@yahoo.com,,,,mcdermottpaintwallpaper.com,en,,,,,,,,"mcdermott paint & wallpaper is an authorized benjamin moore retailer located in greenwich, ct, specializing in interior and exterior paint and stain supplies. they offer a wide range of benjamin moore interior paints for any size project or budget, as well as high-end or commercial-grade coatings for both interior and outdoor use. mcdermuott pain & willpape is dedicated to serving the local community and providing inspiration and support for paint and staining product choices and color selections. they also offer benjamin moore's color of the year 2022, featuring an elevated, sumptuous hue of blue.",wallpaper and painting supplies retailer service | stain supplier | paint primers | enamel paints | authorized benjamin moore retailer | interior and exterior painting | paint and supplies | stain products | color selections | commercial-grade coatings,mcdermottpaintwallpaper.com,31582
mcdermott paint and wallpaper,,mcdermott paint and wallpaper | mcdermott paint & wallpaper,us,connecticut,,greenwich,06830,spring street,35,41.0198029,-73.6359448,"35 spring st, greenwich, connecticut, 06830-6128, united states","us, united states, connecticut, greenwich, 06830, spring street, 35, 41.0198029, -73.6359448","mcdermott paint and wallpaper is a paints, coatings, dyes & pigments supplier based in greenwich, connecticut, united states.","mcdermott paint & wallpaper is your local choice to find inspiration and support about your paint and stain product choices and color selections. we are dedicated to serving our local community of greenwich, ct.",building materials | painting & wallpaper | paints & stains,capital products,adhesives & paints,raw materials,+12036220699,+12036220699,,,,,mcdermottpaintwallpaper.com,,,,,company/mcdermott-paint-and-wallpaper,,,,"mcdermott paint & wallpaper is a company based in greenwich, ct that provides inspiration and support for customers seeking paint and stain product choices and color selections. they are committed to serving the local community.",paint and stain products | color selections | wallpapers | retail | wholesale,,32375
