company_name,company_legal_names,company_commercial_names,main_country_code,main_region,main_city_district,main_city,main_postcode,main_street,main_street_number,main_latitude,main_longitude,main_address_raw_text,locations,short_description,long_description,business_tags,product_type,main_industry,main_sector,primary_phone,phone_numbers,primary_email,emails,other_emails,website_url,website_domain,website_language_code,facebook_url,twitter_url,instagram_url,linkedin_url,ios_app_url,android_app_url,youtube_url,generated_description,generated_business_tags,domains,id
polster max,polster max gmbh,polster max,de,north rhine-westphalia,,bad salzuflen,32105,bahnhofstraße,33,52.08077965,8.744008803230237,"bahnhofstraße 33, 32105 bad salzuflen","de, germany, north rhine-westphalia, bad salzuflen, 32105, bahnhofstraße, 33, 52.08077965, 8.744008803230237","polster max is a furniture store based in bad salzuflen, germany.","wohnen sie einfach schöner mit der besonderen polster-max-kollektion und der besonderen polster max beratung. dabei bieten wir viele tausend stoff- und lederkombinationen an. erleben sie, wie das polster max-team ihren ganz persönlichen wohntraum zu bezahlbaren preisen realisiert.",prices realized,durable products,furniture,home products,+49522259074,+49522259074,info@polster-max.de,info@polster-max.de,,,polster-max.de,de,about/,,polstermax_sofahaus/,,,,,"polster max, legally known as polster max gmbh, based in bad salzuflen, north rhine-westphalia, is a specialized company in the upholstery industry. established for 37 years, the company offers a wide range of upholstered furniture, including both affordable and exclusive models. polster max provides a variety of fabric and leather combinations, along with a selection of system furniture. the company emphasizes comfort, design, and durability in its products. polster max also offers free disposal of old furniture and delivery services without additional costs. the company prides itself on its long-standing experience and partnerships with renowned manufacturers.",furniture disposal | upholstered furniture retailer | home decor retailer | leather combinations | upholstery specialist | system furniture options,polster-max.de,1414
polster max,,polster max,de,north rhine-westphalia,,bad salzuflen,,,,52.0771518,8.7554739,", bad salzuflen, north rhine-westphalia, germany","de, germany, north rhine-westphalia, bad salzuflen, , , , 52.0771518, 8.7554739","polster max is a furniture repair & reconditioning services company based in bad salzuflen, germany.","aus kleinsten anfängen entwickelte sich die firma langsam aber stetig zu einem leistungsstarken polstermöbelspezialisten, der nunmehr weit über die grenzen der region bekannt ist. neben dem inhaber-ehepaar udo und jutta stockhausen sind sohn matthias als geschäftsführer und tochter christiane als einrichtungs-beraterin im unternehmen tätig. weitere unterstützung finden die geschäftsinhaber durch engagierte mitarbeiter, die größtenteils schon mehrere jahre im unternehmen tätig sind.",,consumer services,other consumer services,other consumer services,+49522259074,+49522259074,,,,,polster-max.de,,,,polstermax_sofahaus/,company/polster-max,,,,"the company is a well-known upholstery furniture specialist that has grown from modest beginnings to become a prominent player in the region. the company is owned by udo and jutta stockhausen, with udo's son matthias as the managing director and his daughter christiane as an interior design consultant. the business is supported by dedicated employees, many of whom have been with the company for several years.","upholstered furniture specialist | furniture restoration services | consultancy services | fast, reliable, high-quality upholstery services",polster-max.de,2683
polster max sofahaus,,polster max sofahaus,ee,,,,,,,58.7523778,25.3319078,,"ee, estonia, , , , , , 58.7523778, 25.3319078",,,,,,,,,,,,,polster-max.de,,,,polstermax_sofahaus/,,,,,,,,3224
polster-max bad salzuflen,,polster-max bad salzuflen,de,north rhine-westphalia,,bad salzuflen,32105,bahnhofstraße,33,52.08090999999999,8.743659999999998,"bahnhofstraße 33, 32105 bad salzuflen, germany","de, germany, north rhine-westphalia, bad salzuflen, 32105, bahnhofstraße, 33, 52.08090999999999, 8.743659999999998","polster-max bad salzuflen is a furniture store based in bad salzuflen, germany.",,,durable products,furniture,home products,+49522259074,+49522259074,,,,,polster-max.de,,,,,,,,,"the polster-max bad salzuflen is a furniture store located in bad salzuflen, north rhine-westphalia, germany.",furniture retailer | wheelchair accessible parking lot | credit card payment,,4284
polster max,,polster max,de,north rhine-westphalia,,bad salzuflen,,,,52.0771518,8.7554739,", bad salzuflen, north rhine-westphalia, germany","de, germany, north rhine-westphalia, bad salzuflen, , , , 52.0771518, 8.7554739","polster max is a furniture repair & reconditioning services company based in bad salzuflen, germany.","aus kleinsten anfängen entwickelte sich die firma langsam aber stetig zu einem leistungsstarken polstermöbelspezialisten, der nunmehr weit über die grenzen der region bekannt ist. neben dem inhaber-ehepaar udo und jutta stockhausen sind sohn matthias als geschäftsführer und tochter christiane als einrichtungs-beraterin im unternehmen tätig. weitere unterstützung finden die geschäftsinhaber durch engagierte mitarbeiter, die größtenteils schon mehrere jahre im unternehmen tätig sind.",,consumer services,other consumer services,other consumer services,+49522259074,+49522259074,,,,,polster-max.de,,,,polstermax_sofahaus/,company/polster-max,,,,"the company is a well-known upholstery furniture specialist that has grown from modest beginnings to become a prominent player in the region. the company is owned by udo and jutta stockhausen, with udo's son matthias as the managing director and his daughter christiane as an interior design consultant. the business is supported by dedicated employees, many of whom have been with the company for several years.","consultancy services | furniture restoration services | fast, reliable, high-quality upholstery services | upholstered furniture specialist",,21363
