company_name,company_legal_names,company_commercial_names,main_country_code,main_region,main_city_district,main_city,main_postcode,main_street,main_street_number,main_latitude,main_longitude,main_address_raw_text,locations,short_description,long_description,business_tags,product_type,main_industry,main_sector,primary_phone,phone_numbers,primary_email,emails,other_emails,website_url,website_domain,website_language_code,facebook_url,twitter_url,instagram_url,linkedin_url,ios_app_url,android_app_url,youtube_url,generated_description,generated_business_tags,domains,id
clumber inn,,clumber inn,gb,england,,retford,,,,53.3231315,-0.9424879,", retford, dn22, united kingdom","gb, united kingdom, england, retford, , , , 53.3231315, -0.9424879","clumber inn is an events venue based in retford, united kingdom.","if you would like to organise an event to raise money for your chosen charity just give us a shout and we would be more than happy to help, either helping with planning or just offering a venue.",,consumer services,"museums, theaters & venues","arts, entertainment & recreation",,,,,,,clumberinn.co.uk,,TheClumberInnRetford/,,,company/clumber-inn,,,,the company offers event planning and venue services for individuals and organizations looking to raise funds for their chosen charity.,charity fundraising | event organization | venue finding,,1394
clumber inn,,clumber inn,gb,england,,retford,,,,53.3231315,-0.9424879,", retford, dn22, united kingdom","gb, united kingdom, england, retford, , , , 53.3231315, -0.9424879","clumber inn is an events venue based in retford, united kingdom.","if you would like to organise an event to raise money for your chosen charity just give us a shout and we would be more than happy to help, either helping with planning or just offering a venue.",,consumer services,"museums, theaters & venues","arts, entertainment & recreation",,,,,,,clumberinn.co.uk,,TheClumberInnRetford/,,,company/clumber-inn,,,,the company offers event planning and venue services for individuals and organizations looking to raise funds for their chosen charity.,charity fundraising | venue finding | event organization,,5713
clumber inn,,clumber inn,gb,england,,retford,dn22 7rj,wharncliffe road,,53.3101832,-0.9499899,"wharncliffe road, east retford, dn22 7rj","gb, united kingdom, england, retford, dn22 7rj, wharncliffe road, , 53.3101832, -0.9499899","clumber inn is a pub/bar based in retford, united kingdom.","our buffets offer fantastic value, alternatively we are happy for your to arrange your own catering, contact us now to book your event or check availability. we have also had huge success with charity fundraiser days and our nominated charity is bassetlaw hospice but have also supported dementia uk, hope house, neurocare, sheffield children's hospital, help for heroes, royal british legion and autism awareness.",function rooms | user experience | hope house | buffets | royal british legion,consumer services,pubs & bars,accommodation & food services,+447554011631,+447554011631,info@clumberinn.co.uk,info@clumberinn.co.uk,,,clumberinn.co.uk,en,TheClumberInnRetford/,,the_clumber/,,,,,"the clumber inn is a pub located in retford, england. the establishment offers a modern lounge and various entertainment options, including a disco, karaoke, and live local bands. the bar features a 90"" hd screen for televised sports and a private function room and marquee for event hosting. the pub also supports several charities, including bassetlaw hospice, dementia uk, hope house, neurocare, sheffield children’s hospital, help for heroes, royal british legion, and autism awareness.",pub company | fundraiser organization | big screen hdtv with surround sound | sports viewing | live local bands | private function room rental | buffet options | disco and karaoke | entertainment venue | catering services,clumberinn.co.uk,6604
the clumber inn - retford,,the clumber inn - retford,gb,england,,retford,dn22 6dr,,,53.3231315,-0.9424879,"wharncliffe road, east retford, united kingdom","gb, united kingdom, england, retford, dn22 6dr, , , 53.3231315, -0.9424879","the clumber inn - retford is a pub/bar based in retford, united kingdom.","we pride our self on having a friendly family atmosphere, with great nights out including live music",nights out | live music,consumer services,pubs & bars,accommodation & food services,+447554011631,+447554011631,info@clumberinn.co.uk,info@clumberinn.co.uk,,,clumberinn.co.uk,,TheClumberInnRetford/,,,,,,,"the company is known for providing a friendly family atmosphere and offering great nights out, featuring live music.",nights out | family-friendly atmosphere | hospitality services | live music,,18781
the clumber inn,,the clumber inn,gb,england,,retford,dn22 7rj,wharncliffe road,,53.3101832,-0.9499899,"wharncliffe road, east retford, dn22 7rj","gb, united kingdom, england, retford, dn22 7rj, wharncliffe road, , 53.3101832, -0.9499899",,,,,,,,,,,,,clumberinn.co.uk,,,,the_clumber/,,,,,,,,24408
clumber inn,,clumber inn,gb,england,,retford,,,,53.3231315,-0.9424879,", retford, dn22, united kingdom","gb, united kingdom, england, retford, , , , 53.3231315, -0.9424879","clumber inn is an events venue based in retford, united kingdom.","if you would like to organise an event to raise money for your chosen charity just give us a shout and we would be more than happy to help, either helping with planning or just offering a venue.",,consumer services,"museums, theaters & venues","arts, entertainment & recreation",,,,,,,clumberinn.co.uk,,TheClumberInnRetford/,,,company/clumber-inn,,,,the company offers event planning and venue services for individuals and organizations looking to raise funds for their chosen charity.,charity fundraising | event organization | venue finding,,25349
