company_name,company_legal_names,company_commercial_names,main_country_code,main_region,main_city_district,main_city,main_postcode,main_street,main_street_number,main_latitude,main_longitude,main_address_raw_text,locations,short_description,long_description,business_tags,product_type,main_industry,main_sector,primary_phone,phone_numbers,primary_email,emails,other_emails,website_url,website_domain,website_language_code,facebook_url,twitter_url,instagram_url,linkedin_url,ios_app_url,android_app_url,youtube_url,generated_description,generated_business_tags,domains,id
stilz bookkeeping,stilz bookkeeping a division of stilz inc.,stilz bookkeeping,us,new york,forest hills,town of perinton,11375,,,40.723100900000006,-73.84661252338407,"6910 108th ste 3l, forest hills queens, ny 11375, usa","us, united states, new york, town of perinton, 11375, , , 40.723100900000006, -73.84661252338407 | us, united states, new york, new york, , , , ,","stilz bookkeeping is an accounting & bookkeeping services company based in town of perinton, new york, united states.","hiren runs a professional and flexible outsourced bookkeeping operation. we didn't have the internal resources to spend on reconciling our company credit cards in quickbooks online. their work has always been on point, and we've been working with stilz bookkeeping since. stilz is a professional bookkeeping company based in new york city. stilz offers affordable bookkeeping plans for online bookkeeping services. stilz bookkeeping is headed by certified quickbooks proadvisor – hiren shah. established in 2001, stilz is an intuit quickbooks bookkeeping solutions provider company using quickbooks & offering online bookkeeping services in new york and within the country. stilz bookkeeping company is based in manhattan ny, usa. stilz specializes in online bookkeeping for small business using quickbooks. small business bookkeeping like law firms, startups, ecommerce, restaurants, medical practices & architects, consultants, it service provider and other professionals. we perform bookkeeping on a daily, weekly, monthly, quarterly and annually.",book keeping | book keeping service | online book keeping | quickbooks bookkeeping | small business bookkeeping | bookkeeping solutions | bookkeeping plans | online bookkeeping services | books keeping & accounting | it services | year end accounting | virtual bookkeeping | remote bookkeeping | bookkeeping & accounting services | outsourcing & book keeping | accounting & book-keeping | premier bookkeeping | quickbooks certified proadvisor | accountancy service | pack & ship | architect / consulting | key financials | professional bookkeeping | business / finance | intuit quickbooks | medical practice | business bookkeeping | law firms | lighting solutions | indian wedding | sushi | internet connectivity | computers and laptops,professional services,accountants & tax services,finance & insurance,+12122569199,+12122569199,service@stilzbookkeeping.com,service@stilzbookkeeping.com | info@stilzbookkeeping.com | support@stilzbookkeeping.com,,,stilzbookkeeping.com,en,StilzBookkeeping/,,,,,,,"stilz bookkeeping, legally known as stilz bookkeeping a division of stilz inc., is a bookkeeping service provider based in the town of perinton, new york. founded in 2001 by hiren shah, a certified quickbooks proadvisor®, the company offers a range of bookkeeping and quickbooks® consulting services. stilz bookkeeping specializes in providing affordable bookkeeping solutions to small and growing businesses in new york city. the company leverages the expertise of hiren shah and his team to manage financial records, ensuring accurate and error-free reports. stilz bookkeeping is recognized for its professional and efficient service, allowing clients to focus on their core business activities.","key financials review | live reports | sales and revenue reporting | cash flow reports | accounting data file setup | cost center reporting | quickbooks consulting | financial consulting services | data gathering, organization, and filing",stilzbookkeeping.com,3035
stilz bookkeeping,,stilz bookkeeping,,,,,,,,,,,,,,,,,,,,,,,,,,StilzBookkeeping/,,,,,,,,,,16523
stilz bookkeeping,,stilz bookkeeping,us,new york,manhattan,new york,10036,6th avenue,1177,40.757312299999995,-73.98275822451703,"1177 avenue of the americas, new york, new york, 10036-2705, united states","us, united states, new york, new york, 10036, 6th avenue, 1177, 40.757312299999995, -73.98275822451703","stilz bookkeeping is an accounting & bookkeeping services company based in new york, united states.",all the benefits of expert bookkeeping with none of the headaches. simplify your finances and let stilz expert bookkeepers handle your business bookkeeping needs.,financial services | small business bookkeeping | bookkeeping,professional services,accountants & tax services,finance & insurance,+12122569199,+12122569199,,,,,stilzbookkeeping.com,,,,,company/stilz-bookkeeping,,,,stylz expert bookkeepers is a company that offers expert bookkeeping services to simplify finances and handle business bookkeeping needs. they aim to provide all the benefits of expert bookkeepers without the headaches.,financial services | bookkeeping services,stilzbookkeeping.com,24176
stilz inc.,stilz inc.,,us,new york,manhattan,new york,10036,6th avenue,1177,40.757227500000006,-73.9828155,"1177 6th ave fl 5, new york, ny 10036","us, united states, new york, new york, 10036, 6th avenue, 1177, 40.757227500000006, -73.9828155","stilz inc. is an accounting & bookkeeping services company based in new york, united states.",,,professional services,accountants & tax services,finance & insurance,+12122569199,+12122569199,,,,&opi=79508299&sa=U&ved=0ahUKEwjb97mym7GFAxWEkIkEHQ1tAlUQ61gIECgN&usg=AOvVaw3hBhNiZksUoNbCgGvKxx43,stilzbookkeeping.com,,StilzBookkeeping/,,,,,,,,,stilzbookkeeping.com,24577
stilz bookkeeping,,stilz bookkeeping,us,new york,queens county,new york,11375,queens boulevard,10420,40.7228606,-73.8470156,"10420 queens blvd 17t, queens, ny 11375, united states","us, united states, new york, new york, 11375, queens boulevard, 10420, 40.7228606, -73.8470156","stilz bookkeeping is an accounting & bookkeeping services company based in new york, united states.","quickbooks bookkeeping & consulting services new york city. stilz bookkeeping is led by industry veteran hiren shah. advanced certified quickbooks proadvisor & quickbooks consultant. established in 2001, stilz bookkeeping provides high quality bookkeeping services using quickbooks in new york city.100% accurate, error-free reports. online bookkeeping service is affordable & efficient. outsourced bookkeeping services empowers small businesses, startups, consultants & entrepreneurs across many verticals and business models.",,professional services,accountants & tax services,finance & insurance,+12122569199,+12122569199,,,,,stilzbookkeeping.com,,StilzBookkeeping/,,,,,,,,,,31812
