company_name,company_legal_names,company_commercial_names,main_country_code,main_region,main_city_district,main_city,main_postcode,main_street,main_street_number,main_latitude,main_longitude,main_address_raw_text,locations,short_description,long_description,business_tags,product_type,main_industry,main_sector,primary_phone,phone_numbers,primary_email,emails,other_emails,website_url,website_domain,website_language_code,facebook_url,twitter_url,instagram_url,linkedin_url,ios_app_url,android_app_url,youtube_url,generated_description,generated_business_tags,domains,id
gunderson concarril,,gunderson concarril,mx,hidalgo,,tepeapulco,43970,,,19.7875962,-98.5522855,"domicilio conocido s/n, 43990 tepeapulco, hidalgo","mx, mexico, hidalgo, tepeapulco, 43970, , , 19.7875962, -98.5522855",,,,,,,+527919138800,+527919138800,,,,contact-us/,gbrx.com,,gbrxcompanies/,gbrxcompanies,,company/the-greenbrier-companies,,,,,,,6048
the greenbrier companies,,the greenbrier companies,us,colorado,,golden,80401,mcintyre street,,39.7795295715332,-105.17485046386719,,"us, united states, colorado, golden, 80401, mcintyre street, , 39.7795295715332, -105.17485046386719",,,,,,,+13032795488,+13032795488,,,,,gbrx.com,,,,,,,,,,,,7363
gunderson concarril,,gunderson concarril,mx,hidalgo,,tepeapulco,43970,,,19.7875962,-98.5522855,"corredor industial s 2, 43990 tepeapulco, hidalgo","mx, mexico, hidalgo, tepeapulco, 43970, , , 19.7875962, -98.5522855",,,,,,,+527919138800,+527919138800,,,,,gbrx.com,,gbrxcompanies/,gbrxcompanies,,company/the-greenbrier-companies,,,,,,,11844
gunderson concarril,,gunderson concarril,mx,hidalgo,,tepeapulco,43998,,,19.7562869,-98.5906454,"av. corredor industrial, zona industrial, 43998 cd sahagún, hgo., mexico","mx, mexico, hidalgo, tepeapulco, 43998, , , 19.7562869, -98.5906454","gunderson concarril is a railroad service company based in tepeapulco, mexico.",,,professional services,freight transport,transport & warehousing,+527919138800,+527919138800,,,,,gbrx.com,,,,,,,,,"gunderson concarril is a company based in tepeapulco, hidalgo, mexico. it operates as a manufacturer and railroad equipment supplier.",railway equipment manufacturing | railroad rolling stock manufacturing,,28918
