company_name,company_legal_names,company_commercial_names,main_country_code,main_region,main_city_district,main_city,main_postcode,main_street,main_street_number,main_latitude,main_longitude,main_address_raw_text,locations,short_description,long_description,business_tags,product_type,main_industry,main_sector,primary_phone,phone_numbers,primary_email,emails,other_emails,website_url,website_domain,website_language_code,facebook_url,twitter_url,instagram_url,linkedin_url,ios_app_url,android_app_url,youtube_url,generated_description,generated_business_tags,domains,id
lindsey transport service,,lindsey transport service,us,tennessee,,memphis,,,,35.1460249,-90.0517638,"memphis, tn, us 38118","us, united states, tennessee, memphis, , , , 35.1460249, -90.0517638","lindsey transport service is a trucking and logistics company based in memphis, tennessee, united states.",,,professional services,freight transport,transport & warehousing,+19013750087,+19013750087,,,,,lindseytransport.com,,pages/category/Travel---Transportation/Lindsey-Transport-Service-155288864510035/,,,,,,,,,,1428
lindsey transport service,,lindsey transport service,us,tennessee,,memphis,38118,,,35.06057059125475,-89.90979866713138,"memphis, tn 38118","us, united states, tennessee, memphis, 38118, , , 35.06057059125475, -89.90979866713138","lindsey transport service is a trucking and logistics company based in memphis, tennessee, united states.",,,professional services,freight transport,transport & warehousing,+19013750087,+19013750087,,,,,lindseytransport.com,,Lindsey-Transport-Service-155288864510035/,,,,,,,,,,6704
lindsey transport service inc.,lindsey transport service inc.,,us,tennessee,,memphis,,,,35.13350296020508,-89.96687316894531,"united states, tn, memphis, 2525 farrisview pkwy, 38118","us, united states, tennessee, memphis, , , , 35.13350296020508, -89.96687316894531",,,,,,,,,,,,,lindseytransport.com,,,,,,,,,,,lindseytransport.com,7777
lindsey transport svc,,lindsey transport svc,us,tennessee,,memphis,38118,farrisview boulevard,2525,35.0756885,-89.9533451,"2525 farrisview rd, memphis, tennessee, 38118, united states","us, united states, tennessee, memphis, 38118, farrisview boulevard, 2525, 35.0756885, -89.9533451","lindsey transport svc is a trucking and logistics company based in memphis, tennessee, united states.",,trucking and transportation,professional services,freight transport,transport & warehousing,+19013750087,+19013750087,,,,,lindseytransport.com,,,,,company/lindsey-transport-svc,,,,,,,12587
lindsey transport svc.,,lindsey transport svc.,us,mississippi,,new albany,38652,,,34.494266510009766,-89.00784301757812,,"us, united states, mississippi, new albany, 38652, , , 34.494266510009766, -89.00784301757812","lindsey transport svc. is a trucking and logistics company based in new albany, mississippi, united states.",,,professional services,freight transport,transport & warehousing,+19013750087,+19013750087,,,,,lindseytransport.com,,,,,,,,,,,lindseytransport.com,22495
lindsey transport service,,lindsey transport service,us,tennessee,,memphis,38118,,,35.06057059125475,-89.90979866713138,"memphis, tn 38118","us, united states, tennessee, memphis, 38118, , , 35.06057059125475, -89.90979866713138","lindsey transport service is a trucking and logistics company based in memphis, tennessee, united states.",,,professional services,freight transport,transport & warehousing,+19013750087,+19013750087,,,,,lindseytransport.com,,pages/category/travel-transportation/Lindsey-Transport-Service-155288864510035/,,,,,,,,,,31118
