company_name,company_legal_names,company_commercial_names,main_country_code,main_region,main_city_district,main_city,main_postcode,main_street,main_street_number,main_latitude,main_longitude,main_address_raw_text,locations,short_description,long_description,business_tags,product_type,main_industry,main_sector,primary_phone,phone_numbers,primary_email,emails,other_emails,website_url,website_domain,website_language_code,facebook_url,twitter_url,instagram_url,linkedin_url,ios_app_url,android_app_url,youtube_url,generated_description,generated_business_tags,domains,id
restaurant zee,,restaurant zee,ch,lucerne,,weggis,,,,47.0322545,8.4346408,", weggis, lucerne, switzerland","ch, switzerland, lucerne, weggis, , , , 47.0322545, 8.4346408",,,restaurant,,,,,,,,,,restaurant-zee.ch,,,,,company/restaurant-zee,,,,,,,1404
restaurant zee,,restaurant zee,ch,,,,,,,46.7985624,8.2319736,,"ch, switzerland, , , , , , 46.7985624, 8.2319736",restaurant zee is a restaurant based in switzerland.,"nehmen sie direkt am see platz und geniessen sie bei uns feinste spezialitäten aus süssen und salzigen gewässern. wir servieren ihnen fangfrischen fisch aus heimischen gewässern, zubereitet mit ausgesuchten, stets frischen zutaten aus der region.",fresh ingredients,consumer services,restaurants,accommodation & food services,+41413900170,+41413900170 | +41413900270,genuss@restaurant-zee.ch,,,restaurant,restaurant-zee.ch,de,,,,,,,,"restaurant zee is a dining establishment located in weggis, lucerne. the restaurant specializes in serving fresh fish caught from local waters, prepared with carefully selected, fresh ingredients from the region. guests can enjoy their meals directly on the lakefront, with many seating options situated near large windows offering scenic views of the lake and mountains. the restaurant also features a small dining room suitable for family and corporate events, and a large sun terrace that can be covered during inclement weather. in the summer, guests can observe the passing steamships at the nearby ship station.",maritime delights | freshwater specialties | culinary experiences | fresh fish | international delicacies | seafood restaurant | hospitality | fresh and selected ingredients | catering services,restaurant-zee.ch,17121
restaurant zee,,restaurant zee,ch,lucerne,,weggis,,,,47.0322545,8.4346408,", weggis, lucerne, switzerland","ch, switzerland, lucerne, weggis, , , , 47.0322545, 8.4346408",,,restaurant,,,,,,,,,,restaurant-zee.ch,,,,,company/restaurant-zee,,,,,,restaurant-zee.ch,17373
restaurant zee,,restaurant zee,ch,lucerne,,weggis,,,,47.0322545,8.4346408,", weggis, lucerne, switzerland","ch, switzerland, lucerne, weggis, , , , 47.0322545, 8.4346408",,,,,,,,,,,,,restaurant-zee.ch,,,,,company/restaurant-zee,,,,,,,29107
restaurant zee,,restaurant zee,ch,lucerne,,weggis,6353,seestrasse,21,47.031666799999996,8.431065300000002,"seestrasse 21, 6353 weggis, switzerland","ch, switzerland, lucerne, weggis, 6353, seestrasse, 21, 47.031666799999996, 8.431065300000002","restaurant zee is a restaurant based in weggis, switzerland.","with views over the lake from the terrace, this upscale restaurant serves locally caught fish.",,consumer services,restaurants,accommodation & food services,+41413900170,+41413900170,,,,,restaurant-zee.ch,,,,,,,,,"restaurant zee is an upscale establishment located in weggis, switzerland, by the lake. it operates as both a restaurant and a seafood market. the venue offers views over the lake and serves locally caught fish.",drinks service | late-night food delivery services | card payment services | cocktail preparation services | nfc mobile payments | onsite bar service | seafood market | pure vegetarian service | dessert preparation services | wheelchair accessible entrance | se market | dine-in service | reservation services | parking services | restroom servicing | outdoor seating area | wine production services | coffee shop services | dinner service,,30017
