company_name,company_legal_names,company_commercial_names,main_country_code,main_region,main_city_district,main_city,main_postcode,main_street,main_street_number,main_latitude,main_longitude,main_address_raw_text,locations,short_description,long_description,business_tags,product_type,main_industry,main_sector,primary_phone,phone_numbers,primary_email,emails,other_emails,website_url,website_domain,website_language_code,facebook_url,twitter_url,instagram_url,linkedin_url,ios_app_url,android_app_url,youtube_url,generated_description,generated_business_tags,domains,id
abc auftragsfertigung,,abc auftragsfertigung,at,carinthia,,wolfsberg,,,,46.8390583,14.8452061,"wolfsberg, carinthia, austria","at, austria, carinthia, wolfsberg, , , , 46.8390583, 14.8452061",,"durch innovative konzepte, gelebte kundenorientierung und unsere umfangreiche fachkompetenz stellen wir uns den komplexesten herausforderungen. immer unserem prinzip treu: wir sind der wettbewerbsvorteil unserer kundinnen und kunden.",,,,,+4346335440230,+4346335440230,,,,,abc-auftragsfertigung.com,,,,,company/abc-auftragsfertigung,,,,"the company is known for its innovative concepts, customer-oriented approach, and expertise in solving complex challenges. they prioritize their clients' competitive advantage and prioritize their needs.",customer orientation services | customer-centric approach | innovative concepts development | consulting services | building expertise services | problem-solving services,,6040
abc auftragsfertigung,,abc auftragsfertigung,at,carinthia,,wolfsberg,9400,,,46.8390583,14.8452061,", wolfsberg, carinthia, austria","at, austria, carinthia, wolfsberg, 9400, , , 46.8390583, 14.8452061",,"durch innovative konzepte, gelebte kundenorientierung und unsere umfangreiche fachkompetenz stellen wir uns den komplexesten herausforderungen. immer unserem prinzip treu: wir sind der wettbewerbsvorteil unserer kundinnen und kunden.",,,,,+4346335440230,+4346335440230,,,,,abc-auftragsfertigung.com,,,,,company/abc-auftragsfertigung,,,,"the company is known for its innovative concepts, customer-oriented approach, and expertise in solving complex challenges. they prioritize their clients' competitive advantage and aim to be a valuable resource.",problem-solving services | customer orientation services | consulting services | customer-centric approach | building expertise services | innovative concepts development,,10261
abc service & produktion,,abc service & produktion,at,carinthia,,villach,9523,michael-unterlercher-straße,55,46.642119,13.8680556,"michael-unterlercher-straße 55, 9523 villach, austria","at, austria, carinthia, villach, 9523, michael-unterlercher-straße, 55, 46.642119, 13.8680556","abc service & produktion is a machinery parts manufacturer based in villach, austria.",,,capital products,machinery parts,other capital goods,+434242468000,+434242468000,,,,,abc-auftragsfertigung.com,,,,,,,,,"abc service & produktion is a company based in villach, carinthia, austria. it operates in various sectors including manufacturing, specializing in clothes and fabric production, display stand manufacturing, machine construction, machinery parts manufacturing, mechanical contracting, mechanical engineering, metal processing, packaging, and plastic fabrication.",machine parts manufacturing | metal processing | mechanical contracting services | plastic fabrication | machine building | mechanical engineering | packaging and design | fabric and garment manufacturing | display stands manufacturer,,15298
abc auftragsfertigung,,abc auftragsfertigung,at,carinthia,,wolfsberg,,,,46.8390583,14.8452061,"wolfsberg, carinthia, austria","at, austria, carinthia, wolfsberg, , , , 46.8390583, 14.8452061",,"durch innovative konzepte, gelebte kundenorientierung und unsere umfangreiche fachkompetenz stellen wir uns den komplexesten herausforderungen. immer unserem prinzip treu: wir sind der wettbewerbsvorteil unserer kundinnen und kunden.",,,,,+4346335440230,+4346335440230,,,,,abc-auftragsfertigung.com,,,,,company/abc-auftragsfertigung,,,,"the company is known for its innovative concepts, customer-oriented approach, and expertise in solving complex challenges. they prioritize their clients' competitive advantage and aim to be a valuable resource.",customer-centric approach | consulting services | building expertise services | customer orientation services | innovative concepts development | problem-solving services,,22004
