company_name,company_legal_names,company_commercial_names,main_country_code,main_region,main_city_district,main_city,main_postcode,main_street,main_street_number,main_latitude,main_longitude,main_address_raw_text,locations,short_description,long_description,business_tags,product_type,main_industry,main_sector,primary_phone,phone_numbers,primary_email,emails,other_emails,website_url,website_domain,website_language_code,facebook_url,twitter_url,instagram_url,linkedin_url,ios_app_url,android_app_url,youtube_url,generated_description,generated_business_tags,domains,id
tca facilities,,tca facilities,au,victoria,southbank,melbourne,3006,queens bridge street,35,-37.822941799999995,144.96135569999998,"35 queens bridge st, southbank vic 3006, australia","au, australia, victoria, melbourne, 3006, queens bridge street, 35, -37.822941799999995, 144.96135569999998","tca facilities is a gyms, fitness & health center based in melbourne, australia.","'pray for my gains' is your one stop destination for everything fitness related. we provide an unparalleled selection of the very best training packages, run by a team of experienced and qualified coaches with exceptional customer service. check out our packages and online programs to find out more about the services that we offer.",,consumer services,recreational sports centers,"arts, entertainment & recreation",+61481187646,+61481187646,,,,?opi=79508299&sa=U&ved=0ahUKEwjG8oOJqNKJAxVMUGwGHZ2wK6MQ61gIFCgQ&usg=AOvVaw3DUj_Gqu3GJkAxhI-8siBV,tcafacilities.com.au,,,,,,,,,"tca facilities is a company categorized under personal training services. it is located in melbourne, victoria, australia.",fitness and recreational sports centers | personal training services,,1482
tca facilities,,tca facilities,au,victoria,,melbourne,3006,therry street,25-27,-37.8070161,144.96117200000003,"27 therry st, melbourne vic 3006, australia","au, australia, victoria, melbourne, 3006, therry street, 25-27, -37.8070161, 144.96117200000003","tca facilities is a gyms, fitness & health center based in melbourne, australia.",,,consumer services,recreational sports centers,"arts, entertainment & recreation",+61481187646,+61481187646,,,,,tcafacilities.com.au,,,,,,,,,"tca facilities is a personal training service provider located in melbourne, victoria, australia. the company operates within the health and fitness industry, offering personalized training services.",fitness and recreational sports centers | personal training services,,14890
the connector australia pty ltd.,the connector australia pty ltd.,,au,victoria,,melbourne,,,,-37.8142454,144.9631732,", melbourne, victoria, australia","au, australia, victoria, melbourne, , , , -37.8142454, 144.9631732","the connector australia pty ltd. is a real estate agent/manager based in melbourne, australia.","welcome to the connector australia. we are a property consulting firm based in melbourne, australia. our purpose is to create a pathway to owning your first home or to source the best possible investment property for you. no matter which stage you are at in your property purchase journey, we are here to assist you to take the necessary steps to prepare you for your property ownership.",real estate consultants | property ownership | property purchases | first home | investment property,professional services,real estate - agents & managers,real estate,,,,,,,tcafacilities.com.au,,,,,company/the-connector-australia-pty-ltd,,,,"the connector australia is a property consulting firm based in melbourne, australia. they specialize in creating a pathway for individuals looking to own their first home or find investment properties. they offer assistance at any stage of the property purchase journey, helping clients take the necessary steps to prepare for property ownership.",property sourcing and investment services | property consultancy services | property ownership | first home,,23276
tca facilities,,tca facilities,au,victoria,,melbourne,3000,berkeley street,151,-37.8020651,144.9583903,"151 berkeley st, melbourne vic 3000, australia","au, australia, victoria, melbourne, 3000, berkeley street, 151, -37.8020651, 144.9583903","tca facilities is a gyms, fitness & health center based in melbourne, australia.",,,consumer services,recreational sports centers,"arts, entertainment & recreation",+61481187646,+61481187646,,,,,tcafacilities.com.au,,,,,,,,,"tca facilities is a personal training service provider based in melbourne, victoria, australia. the company operates within the fitness industry, offering personalized training services.",personalized training programs | fitness and recreational sports centers,,25422
