company_name,company_legal_names,company_commercial_names,main_country_code,main_region,main_city_district,main_city,main_postcode,main_street,main_street_number,main_latitude,main_longitude,main_address_raw_text,locations,short_description,long_description,business_tags,product_type,main_industry,main_sector,primary_phone,phone_numbers,primary_email,emails,other_emails,website_url,website_domain,website_language_code,facebook_url,twitter_url,instagram_url,linkedin_url,ios_app_url,android_app_url,youtube_url,generated_description,generated_business_tags,domains,id
flowmec,,flowmec,br,rio grande do sul,,canoas,,,,-29.9216045,-51.1799525,", canoas, rio grande do sul, brazil","br, brazil, rio grande do sul, canoas, , , , -29.9216045, -51.1799525",,,machinery | machinery manufacturing,,,,+555134750170,+555134750170,,,,,flowmec.com.br,,Flowmec-Equipamentos-e-Sistemas-101538951710055,,flowmec.equipamentos/,company/flowmec,,,,,,flowmec.com.br,9582
flowmec,,flowmec,br,rio grande do sul,,canoas,,,,-29.9216045,-51.1799525,", canoas, rio grande do sul, brazil","br, brazil, rio grande do sul, canoas, , , , -29.9216045, -51.1799525",,,,,,,+555134750170,+555134750170,,,,,flowmec.com.br,,,,,company/flowmec,,,,,,,12203
flowmec,,flowmec,br,rio grande do sul,,canoas,,,,-29.9216045,-51.1799525,", canoas, rio grande do sul, brazil","br, brazil, rio grande do sul, canoas, , , , -29.9216045, -51.1799525",,,,,,,+555134750170,+555134750170,,,,,flowmec.com.br,,,,,company/flowmec,,,,,,,20702
flowmec equipamentos e sistemas,,flowmec equipamentos e sistemas,br,rio grande do sul,passo das canoas,canoas,94045-360,avenida plínio gilberto kroeff,80,-29.958606699999994,-51.1545333,"rua g - distrito industrial, 80 - niterói, canoas - rs, 92130-000, brazil","br, brazil, rio grande do sul, canoas, 94045-360, avenida plínio gilberto kroeff, 80, -29.958606699999994, -51.1545333",,,,,,,+555134750170,+555134750170,,,,,flowmec.com.br,,,,,,,,,"flowmec equipamentos e sistemas is a company based in canoas, rio grande do sul, brazil, specializing in the metallurgy industry.",metalworking equipment manufacturing | machine manufacturing services,,21922
