company_name,company_legal_names,company_commercial_names,main_country_code,main_region,main_city_district,main_city,main_postcode,main_street,main_street_number,main_latitude,main_longitude,main_address_raw_text,locations,short_description,long_description,business_tags,product_type,main_industry,main_sector,primary_phone,phone_numbers,primary_email,emails,other_emails,website_url,website_domain,website_language_code,facebook_url,twitter_url,instagram_url,linkedin_url,ios_app_url,android_app_url,youtube_url,generated_description,generated_business_tags,domains,id
hop fidelity,,hop fidelity,us,pennsylvania,,west chester,19382,west market street,121,39.9589535,-75.606363,"121 w market st, west chester, pa 19382, united states","us, united states, pennsylvania, west chester, 19382, west market street, 121, 39.9589535, -75.606363","hop fidelity is an art & music publisher based in west chester, pennsylvania, united states.",,,consumer services,art & music publishers,publishers & media companies,+14848878042,+14848878042,,,,,hopfidelity.com,,,,,,,,,"hop fidelity is a record store located in west chester, pennsylvania, united states.",new and used records | onsite services | record store | retail trade,,9128
hop fidelity,,hop fidelity,us,pennsylvania,,west chester,19383,,,39.9597213,-75.6059638,", west chester, pennsylvania, united states","us, united states, pennsylvania, west chester, 19383, , , 39.9597213, -75.6059638",,,,,,,,,,,,,hopfidelity.com,,,,,company/hop-fidelity,,,,,,,10151
hop fidelity,,hop fidelity,us,pennsylvania,,west chester,19382,west market street,121,39.958933103738595,-75.60632843444881,"121 w. market st., west chester, pa, us 19382","us, united states, pennsylvania, west chester, 19382, west market street, 121, 39.958933103738595, -75.60632843444881",,,,,,,+14848878042,+14848878042,,,,,hopfidelity.com,,hopfidelity/,,,,,,,,,hopfidelity.com,10680
hop fidelity,,hop fidelity,us,pennsylvania,,west chester,19382,west market street,121,39.9589823,-75.6064075,"121 w. market st west chester, pennsylvania 19382","us, united states, pennsylvania, west chester, 19382, west market street, 121, 39.9589823, -75.6064075","hop fidelity is a sporting goods store based in west chester, pennsylvania, united states.",contact the merchant for their privacy practices. record store with beer on tap.,beers on tap | non alcoholics | location | hours | american oak | deep cuts | cabernet franc | red blends,durable products,sporting goods,toys & sporting goods,+14848878042,+14848878042,hopfidelity@gmail.com,,,,hopfidelity.com,en,hopfidelity/,,hopfidelity/,,,,,"hop fidelity is a record store located in west chester, pennsylvania. the store offers a variety of records for sale and features a selection of beers on tap, including ipas, pale ales, and german lagers. in addition to beverages, hop fidelity also sells wine and non-alcoholic beverages. all products are made in pennsylvania.",revolution cove | hellfire red | online retail | patron wine | west coast ipa | wine and spirits retailer | juicy | sodas and seltzers | pale to the thief | root down | beers on tap | deep cuts | honey bourbon cask wheat ale | mad anthony’s bayonet red | animated brewing | allied churches | a kids ipa | gear and goodies | haze og | the crossing chardonnay | non-alcoholic beverages | record store | grapefruit summer | gift cards,hopfidelity.com,20473
