company_name,company_legal_names,company_commercial_names,main_country_code,main_region,main_city_district,main_city,main_postcode,main_street,main_street_number,main_latitude,main_longitude,main_address_raw_text,locations,short_description,long_description,business_tags,product_type,main_industry,main_sector,primary_phone,phone_numbers,primary_email,emails,other_emails,website_url,website_domain,website_language_code,facebook_url,twitter_url,instagram_url,linkedin_url,ios_app_url,android_app_url,youtube_url,generated_description,generated_business_tags,domains,id
dock & bay - certified b corp™️,,dock & bay - certified b corp™️,gb,england,,london,,,,51.5074456,-0.1277653,", london, united kingdom","gb, united kingdom, england, london, , , , 51.5074456, -0.1277653",,"our mission
make the world brighter. our goal is to build a globally-known, customer focused-brand, trusted for creating benefit-led, high quality, and built to last products. as well as entertaining our community along the way, through our sense of adventure and not taking life too seriously. all while making a positive difference through reducing our footprint as we grow and benefitting the wider global community. let's get those plastic bottles out of the ocean and into some nice stripy towels that last forever. much better. core values be trailblazerswe're ambitious with what we can achieve, as abrand and as people. nothing is impossible. be playful
approach everything with a light-hearted, excitable attitude, while not taking ourselves too seriously (because life is too short for that). be trustworthy
trust us to do the right thing. we'll always be transparent about what we're doing and why, while providing top class service and quality products along the way. be welcoming
embrace difference and encourage individuality, no matter what or who - everyone is welcome. be good to our planet we care for our world and will always strive to do better for it through education and action.",hospital care | beach towels | mechanical engineering | physical fitness | personal health | ecommerce solutions | health care | e-commerce | information technology services | consumer internet | manufacturing,,,,,,,,,,dockandbay.com,,,,,company/dock-bay,,,,"the company's mission is to make the world brighter by creating globally-known, customer-focused brands that prioritize creating high-quality, benefit-led, and long-lasting products. they aim to entertain their community through adventure and a sense of humor, while reducing their environmental impact and benefiting the wider global community. their core values include being trailblazers, playful, trustworthy, welcoming, and good to the planet.",dried beach towels manufacturer | global product distribution | innovative and high-quality products | sustainable manufacturing,,12288
