company_name,company_legal_names,company_commercial_names,main_country_code,main_region,main_city_district,main_city,main_postcode,main_street,main_street_number,main_latitude,main_longitude,main_address_raw_text,locations,short_description,long_description,business_tags,product_type,main_industry,main_sector,primary_phone,phone_numbers,primary_email,emails,other_emails,website_url,website_domain,website_language_code,facebook_url,twitter_url,instagram_url,linkedin_url,ios_app_url,android_app_url,youtube_url,generated_description,generated_business_tags,domains,id
joe-s movers,,joe-s movers,us,texas,,abilene,,,,32.44645,-99.7475905,", abilene, texas, united states","us, united states, texas, abilene, , , , 32.44645, -99.7475905",,,,,,,,,,,,,joesmovers.com,,,,,company/joe-s-movers,,,,,,,10252
joe's movers,,joe's movers,us,texas,,abilene,79605,sewell street,110,32.44966,-99.75563419999999,"110 sewell st, abilene, tx 79605","us, united states, texas, abilene, 79605, sewell street, 110, 32.44966, -99.75563419999999","joe's movers is a movers & heavy transportation services company based in abilene, texas, united states.",,,professional services,freight transport,transport & warehousing,+13258640712,+13258640712,,,,,,,joesmovers/,,,,,,,"joe's movers is a company based in abilene, texas, united states. it operates in the moving and storage industry, offering services such as moving and storage, as well as piano moving.",moving and storage services | office goods moving services provider | piano moving services,,16051
joe's movers,,joe's movers,us,texas,,abilene,79605,sewell street,110,32.450053408163264,-99.75556412244897,"110 sewell st, 79605, abilene, tx, texas","us, united states, texas, abilene, 79605, sewell street, 110, 32.450053408163264, -99.75556412244897","joe's movers is a movers & heavy transportation services company based in abilene, texas, united states.",,,professional services,freight transport,transport & warehousing,+13258640712,+13258640712,,,,,joesmovers.com,,joesmovers/,,,,,,,,,joesmovers.com,21496
joe's movers,,joe's movers,,,,,,,,,,,,,,,professional services,freight transport,transport & warehousing,,,,,,,joesmovers.com,en,Joesmovers/,,,,,,,"joe's movers is a family-owned and operated moving company based in abilene, texas. the company has been in the moving industry for over 30 years.",moving and relocation services | moving storage solutions,littlejoemovers.com | joesmovers.com,24819
