company_name,company_legal_names,company_commercial_names,main_country_code,main_region,main_city_district,main_city,main_postcode,main_street,main_street_number,main_latitude,main_longitude,main_address_raw_text,locations,short_description,long_description,business_tags,product_type,main_industry,main_sector,primary_phone,phone_numbers,primary_email,emails,other_emails,website_url,website_domain,website_language_code,facebook_url,twitter_url,instagram_url,linkedin_url,ios_app_url,android_app_url,youtube_url,generated_description,generated_business_tags,domains,id
evolve digital media,evolve digital media ltd.,evolve digital media,gb,england,,leeds,ls8 4ht,roundhay road,301,53.8190962,-1.5144444,"301 roundhay road, leeds, ls8 4ht","gb, united kingdom, england, leeds, ls8 4ht, roundhay road, 301, 53.8190962, -1.5144444","evolve digital media is a web development agency based in leeds, united kingdom.","from bespoke web design, ppc management, seo and social media marketing, we do the lot. web design designing websites is no different to designing anything else that requires functionality. your site is your company's face in the digital world. and that old saying ""first impressions last"" couldn't be more accurate when it comes to securing your reputation in virtual space, aka, the internet. if you're looking for web design in leeds, talk to us. search engine optimisation, in a nutshell, is the process of increasing the visibility of a web page or a website in a search engine's unpaid results. this is also known as ""organic"" or ""natural"" results. we are an seo leeds company, and we are experts in both. if you're looking for web design in leeds, talk to us. pay per click or ppc is a traffic generating concept where advertisers pay a fee every time their ad is clicked. its a way of buying traffic to your site as opposed to ""earned"" traffic from organic rankings. the most popular version of ppc is search engine advertising. this method essentially allows the advertiser to bid for an ad placement within the search engine's ""sponsored ads"" segment.",web designing | social media and marketing | search engine | full stack web developer | digital marketing agencies | web design services | bespoke web design | search engine optimisation | search engine advertising | ppc campaign | traffic generation | advertiser pay | local search | internet marketing,professional services,digital agencies,advertising & marketing,+441134180093,+441134180093,,,,,evolvedigitalmedia.co.uk,en,EvolveDigitalMediaUK/,evolvedigitalme,evolvedigitalmediauk/,company/evolve-digital-media-uk,,,channel/UCXc9OPTSaLBPOa-QHuDtjCw?view_as=subscri,"evolve digital media is a premium web design agency based in leeds, england. the company specializes in a range of digital marketing services, including bespoke web design, full-stack web development, pay-per-click (ppc) management, search engine optimization (seo), social media marketing, and branding. evolve digital media is known for its innovative approach to design, quality, speed, and search engine optimization (seo). the agency prides itself on providing a personal and transparent service, ensuring that clients receive high-quality results tailored to their specific needs.",ppc services | seo services | pay-per-click advertising services | instant web traffic | premium web design agency services | brand exposure | social media marketing services,evolvedigitalmedia.co.uk,16081
evolve digital media,,evolve digital media,gb,england,,leeds,ls8 4ht,roundhay road,301,53.818320299999996,-1.515742,"301 roundhay rd, harehills, leeds ls8 4ht, united kingdom","gb, united kingdom, england, leeds, ls8 4ht, roundhay road, 301, 53.818320299999996, -1.515742","evolve digital media is a web development agency based in leeds, united kingdom.",,,professional services,digital agencies,advertising & marketing,+441134180093,+441134180093,,,,?opi=79508299&sa=U&ved=0ahUKEwjpkNXJ5vaKAxVBSjABHTLjF9oQ61gIFigS&usg=AOvVaw2S9Si4L83jCqkyWHfgmWmm,evolvedigitalmedia.co.uk,,EvolveDigitalMediaUK/,,,company/evolve-digital-media-uk,,,,"evolve digital media is a company based in leeds, england, specializing in website design, internet marketing services, marketing consulting, and web hosting.",web design services | web hosting services | internet marketing services | marketing consulting,,22232
evolve digital media,,evolve digital media,gb,england,,leeds,ls8 5bb,roundhay road,301,53.8115431,-1.5229618,"301 roundhay road, leeds, united kingdom","gb, united kingdom, england, leeds, ls8 5bb, roundhay road, 301, 53.8115431, -1.5229618",,evolve digital media (edm) offers you a high-end bespoke wed design service which is solely focused,,,,,+441134180093,+441134180093,enquiries@evolvedigitalmedia.co.uk,enquiries@evolvedigitalmedia.co.uk,,,evolvedigitalmedia.co.uk,,EvolveDigitalMediaUK/,,,,,,,evolve digital media (edm) is a company that specializes in providing high-end bespoke wedding design services. they offer a focused and personalized approach to wedding planning.,full-service bespoke wedding design package,,29105
evolve digital media,,evolve digital media,gb,england,,leeds,ls8 4ht,roundhay road,301,53.8190962,-1.5144444,"301 roundhay road, leeds, ls8 4ht","gb, united kingdom, england, leeds, ls8 4ht, roundhay road, 301, 53.8190962, -1.5144444",,,,,,,,,,,,,evolvedigitalmedia.co.uk,,,,evolvedigitalmediauk/,,,,,,,,32396
