company_name,company_legal_names,company_commercial_names,main_country_code,main_region,main_city_district,main_city,main_postcode,main_street,main_street_number,main_latitude,main_longitude,main_address_raw_text,locations,short_description,long_description,business_tags,product_type,main_industry,main_sector,primary_phone,phone_numbers,primary_email,emails,other_emails,website_url,website_domain,website_language_code,facebook_url,twitter_url,instagram_url,linkedin_url,ios_app_url,android_app_url,youtube_url,generated_description,generated_business_tags,domains,id
adc private hire,,adc private hire,gb,england,,stroud,gl5 4bw,wheelers walk,19,51.751647399999996,-2.2367726,"19 wheelers walk, paganhill, stroud gl5 4bw, united kingdom","gb, united kingdom, england, stroud, gl5 4bw, wheelers walk, 19, 51.751647399999996, -2.2367726","adc private hire is a taxicab services company based in stroud, united kingdom.",,,professional services,passenger transport services,transport & warehousing,+441453755707,+441453755707,,,,,taxis-stroud.co.uk,,taxisstroud/,,,,,,,"the adc private hire model is a taxi service based in stroud, england, united kingdom.",private hire & taxi | transportation services,,1407
adc private,,adc private,gb,england,,stroud,gl5 4bt,wheelers walk,,51.75113296508789,-2.236011028289795,,"gb, united kingdom, england, stroud, gl5 4bt, wheelers walk, , 51.75113296508789, -2.236011028289795","adc private is a taxicab services company based in stroud, united kingdom.",,,professional services,passenger transport services,transport & warehousing,+441453755707,+441453755707,,,,,taxis-stroud.co.uk,,,,,,,,,,,taxis-stroud.co.uk,5334
adc private hire,,adc private hire,gb,,,,,,,54.7023545,-3.2765753,,"gb, united kingdom, , , , , , 54.7023545, -3.2765753",adc private hire is a taxicab services company based in united kingdom.,stroud gloucestershire based private hire company all distances covered,,professional services,passenger transport services,transport & warehousing,+447966235775,+447966235775,adcprivatehire@btconnect.com,,,,taxis-stroud.co.uk,,taxisstroud/,,,,,,,the company is a private hire company that specializes in cloud computing services. they offer a wide range of services covering all aspects of cloud computing.,private hire services,,11678
adc private hire,,adc private hire,gb,,,,,,,54.7023545,-3.2765753,,"gb, united kingdom, , , , , , 54.7023545, -3.2765753",adc private hire is a taxicab services company based in united kingdom.,"let adc private hire drive you to your wedding in our executive cars. adc private hire provide taxis, wedding car hire and airport transfers in stroud.",airports transfers | wedding car hire | taxi service | wedding car | executive cars,professional services,passenger transport services,transport & warehousing,+441453755707,+441453755707 | +447966235775,adcprivatehire@btconnect.com,,,,taxis-stroud.co.uk,en,taxisstroud/,,,,,,,"adc private hire is a private hire service company based in stroud, england. the company offers taxi services, airport transfers, and wedding car hire. adc private hire provides transportation solutions for both local and long-distance travel needs, ensuring comfort and style for their clients.",travel local | wedding car rental services | transportation services | private hire services | airport transfer services | executive cars | long-distance trips,taxis-stroud.co.uk,12860
adc taxis,,adc taxis,gb,,,,,,,54.7023545,-3.2765753,,"gb, united kingdom, , , , , , 54.7023545, -3.2765753",adc taxis is a taxicab services company based in united kingdom.,,,professional services,passenger transport services,transport & warehousing,+447966235775,+447966235775,,,,&opi=79508299&sa=U&ved=0ahUKEwjctLO6vLqGAxXMjIkEHbveDgIQ61gICSgF&usg=AOvVaw1cd6JJDW3J9g4mg4m9E61Q,taxis-stroud.co.uk,,,,,,,,,adc taxis is a service establishment that provides taxi and chauffeur services.,taxi and chauffeur services | service establishment | taxis,,16963
adc private hire,,adc private hire,gb,england,,stroud,,,,51.745424,-2.2198605,"stroud, united kingdom,","gb, united kingdom, england, stroud, , , , 51.745424, -2.2198605",,,,,,,,,,,,,taxis-stroud.co.uk,,,,,company/adc-private-hire,,,,,,taxis-stroud.co.uk,17527
