company_name,company_legal_names,company_commercial_names,main_country_code,main_region,main_city_district,main_city,main_postcode,main_street,main_street_number,main_latitude,main_longitude,main_address_raw_text,locations,short_description,long_description,business_tags,product_type,main_industry,main_sector,primary_phone,phone_numbers,primary_email,emails,other_emails,website_url,website_domain,website_language_code,facebook_url,twitter_url,instagram_url,linkedin_url,ios_app_url,android_app_url,youtube_url,generated_description,generated_business_tags,domains,id
fiction beer company,fiction beer company,,us,colorado,,denver,80220,east colfax avenue,7101,39.7403553,-104.905664,"7101 e colfax ave, denver, colorado, 80220-1805, united states","us, united states, colorado, denver, 80220, east colfax avenue, 7101, 39.7403553, -104.905664",,,,,,,+17204567163,+17204567163,,,,,fictionbeer.com,,,,,,,,,,,,1533
fiction beer company,fiction beer company,,us,colorado,,denver,80220,east colfax avenue,7101,39.740235,-104.905637,"7101 e colfax ave, 80220, denver, co, colorado","us, united states, colorado, denver, 80220, east colfax avenue, 7101, 39.740235, -104.905637",,,,,,,+17204567163,+17204567163,,,,,fictionbeer.com,,Fictionbeer/,,,,,,,,,,6515
fiction beer company,fiction beer company,,us,colorado,,denver,80220,east colfax avenue,7101,39.740235,-104.905637,"7101 e colfax ave, 80220, denver, co, colorado","us, united states, colorado, denver, 80220, east colfax avenue, 7101, 39.740235, -104.905637",,,,,,,+17204567163,+17204567163,,,,,fictionbeer.com,,fictionbeer/,,,,,,,,,,6690
fiction beer company,fiction beer company,,us,colorado,,denver,80220,east colfax avenue,7101,39.740234375,-104.9056396484375,"united states, co, denver, 7101 e colfax ave, 80220-1805","us, united states, colorado, denver, 80220, east colfax avenue, 7101, 39.740234375, -104.9056396484375",,,,,,,,,,,,,fictionbeer.com,,,,,,,,,,,fictionbeer.com,9172
fiction beer company,fiction beer company,,us,colorado,,denver,80220,east colfax avenue,7101,39.7403778,-104.90569169999999,"7101 e colfax ave, denver, co 80220","us, united states, colorado, denver, 80220, east colfax avenue, 7101, 39.7403778, -104.90569169999999","fiction beer company is a brewery based in denver, colorado, united states.",quirky taproom & brewery features a bar made of books & quotes carved into tables.,,nondurable products,beverages,food & beverages,+17204567163,+17204567163,,,,,fictionbeer.com,,Fictionbeer/,,fictionbeer/,company/fiction-beer-company,,,,"fiction beer company is a brewery located in denver, colorado, united states. the establishment features a unique taproom and brewery designed with a literary theme, incorporating a bar made of books and quotes carved into tables.",online beer ordering | brewery services | literary-themed taproom | craft beers | beer distribution services | wheelchair accessible entrance | onsite bar service,,21348
fiction beer,fiction beer company,fiction beer,us,colorado,,denver,80220,east colfax avenue,7101,39.740234375,-104.9056396484375,"7101 east colfax avenue
denver, co 80220","us, united states, colorado, denver, 80220, east colfax avenue, 7101, 39.740234375, -104.9056396484375","fiction beer is a brewery based in denver, colorado, united states.","fiction beer company combines the two wonderfully imaginative crafts of beer and literature together. at fiction beer company, each of our craft beer recipes tell a different story through unique flavors, aromas, and textures that are inspired by our favorite works of fiction. our interpretations of classic and emerging beer styles have won medals at the great american beer festival and world beer cup. fiction beer company is a craft brewery & taproom located in the park hill neighborhood of denver, colorado. fiction beer company opened in september 2014 and is located on the ground floor of the phoenix on the fax building in east denver. our taproom is a bright open space perfect for a respite from the day, or a friday night out with friends. do you have a holiday party, wedding, anniversary, birthday party, or work gathering and need a place to host it.",east colfax | craft beers | books | united states | events and rentals | food trucks & events | books authored | nights out | garage door | craft breweries | east denver | open space | beer recipes | beer styles,nondurable products,beverages,food & beverages,+17204567163,+17204567163,mallory@fictionbeer.com,sales@fictionbeer.com | info@fictionbeer.com | megan@fictionbeer.com,mallory@fictionbeer.com,,fictionbeer.com,en,,,,,,,,"fiction beer company is a craft brewery and taproom located in the park hill neighborhood of denver, colorado. established in september 2014, it is situated on the ground floor of the phoenix on the fax building in east denver. the company offers a variety of craft beer recipes inspired by works of fiction, resulting in unique flavors, aromas, and textures that tell a different story. fiction beer company's interpretations of classic and emerging beer styles have won medals at the great american beer festival and world beer cup. the taproom is a bright open space perfect for a respite from the day or a friday night out with friends.",food trucks | textures | beer production | taproom experience | american beer | taprooms & events | aromas | beers of the world | food flavors | craft breweries | beer styles | dark lager,fictionbeerdenver.com | fictionbeerco.com | fictionbeercompany.com | fictionbrewery.com | fictionbeer.com | fictionbrewing.com,22443
