company_name,company_legal_names,company_commercial_names,main_country_code,main_region,main_city_district,main_city,main_postcode,main_street,main_street_number,main_latitude,main_longitude,main_address_raw_text,locations,short_description,long_description,business_tags,product_type,main_industry,main_sector,primary_phone,phone_numbers,primary_email,emails,other_emails,website_url,website_domain,website_language_code,facebook_url,twitter_url,instagram_url,linkedin_url,ios_app_url,android_app_url,youtube_url,generated_description,generated_business_tags,domains,id
ymca of greater long beach,,ymca of greater long beach,us,california,,long beach,90807,long beach boulevard,3605,33.82239838461538,-118.18945292307693,"3605 long beach blvd, long beach, california, 90807, united states","us, united states, california, long beach, 90807, long beach boulevard, 3605, 33.82239838461538, -118.18945292307693","ymca of greater long beach is a ymca camp based in long beach, california, united states.","at the y, strengthening community is our cause. we believe that lasting personal and social change can only come about when we all work together to invest in our kids, our health and our neighbors. that is why we focus our work in three areas: youth development
nurturing the potential of every child and teen
healthy living
improving the nation's health and well-beingsocial responsibility giving back and providing support to our neighborsservicesour services aim to encourage and support healthy lifestyles, strengthen children and families, support the development of youth, teens and young adults, and promote social and ethnic harmony. missionto welcome all people in a united effort to put judeo-christian values into practice through programs that develop healthy spirit, mind and body.",youth & teen | healthy living | recreation center | fitness instruction | healthy lifestyle | preschool & children | christian values | gyms | child care & day care | day camps | youth development programs | non-profit organization | educational | local services | non-profit community service,non profit,ngos,non profit,+19095852020,+19095852020,,,,,lbymca.org,,LongBeach.YMCA,,ymcalongbeach/,company/ymca-of-greater-long-beach,,,,"the y is a company that focuses on strengthening the community by investing in youth development, healthy living, and social responsibility. their services aim to encourage and support healthy lifestyles, strengthen children and families, support the development of youth, teens and young adults, and promote social and ethnic harmony. their mission is to welcome all people and put judeo-christian values into practice through programs that develop healthy spirit, mind and body.",community strengthening | non-profit organization | teenager development programs | healthy living programs | social responsibility initiatives,,1425
