company_name,company_legal_names,company_commercial_names,main_country_code,main_region,main_city_district,main_city,main_postcode,main_street,main_street_number,main_latitude,main_longitude,main_address_raw_text,locations,short_description,long_description,business_tags,product_type,main_industry,main_sector,primary_phone,phone_numbers,primary_email,emails,other_emails,website_url,website_domain,website_language_code,facebook_url,twitter_url,instagram_url,linkedin_url,ios_app_url,android_app_url,youtube_url,generated_description,generated_business_tags,domains,id
vinlash - vietnam eyelash factory,,vinlash - vietnam eyelash factory,,,,,,,,,,,,,"we are a vietnam lash factory, offers complete private-label solutions at the lowest possible cost.",private label solutions,,,,+84898462990,+84898462990,contact@vinlash.com,contact@vinlash.com,,,vinlash.com,,vinlashdotcom/,,,,,,,lash factory is a vietnamese company that specializes in providing comprehensive private-label solutions at competitive prices.,private label solutions | a vietnam lash factory,vinlash.com,1487
vinlash vn company limited,vinlash vn company limited,,vn,bình dương province,tuong binh hiep ward,thu dau mot city,,,,,,"600 ho van cong, tuong binh hiep ward, thu dau mot city, binh duong province","vn, vietnam, bình dương province, thu dau mot city, , , , ,","vinlash vn company limited is a cosmetics store based in thu dau mot city, vietnam.","vinlash is dedicated to fueling lash brands' growth and enhancing their value to the community by offering them superior quality lashes with perfect lash packaging that their customers will love. and by offering the most competitive factory-direct prices together with expert advice, we help lash brands thrive in the competition . with passion for lashes in our hearts, we are thrilled to share our love with you through every lashes meticulously crafted and beautifully packaged trays. we build trust with unwavering integrity and uphold the industry's highest quality standard through continuous innovation. our biggest achievement throughout our long journey is love, trust, and sustainable partnerships with beloved worldwide customers. we pour our love for beauty into every lash we make, offering you a wide variety of classic lashes and volume fans. at vinlash, we're committed to powering your brand's success with private labels and customization options aligned precisely with your brand's vision.",eye lashes extension | colored lashes | classic eyelash extensions | lashes extension | classic extensions | volume eyelash extensions | wholesale lashes | false eyelashes | lash styles | lash products | lash academy | lash line | individual lashes | classic lashes | long shorts | industrial dryer | materials selection | printing technology | beliefs & mission | iso 9001 | information & help | brand and identity | private label solutions | private labeling services | quality control | wholesale | private label,nondurable products,cosmetic products,pharmaceuticals & cosmetics,+84962253571,+84962253571 | +84379638504 | +84898462990,sales@vinlash.com,sales@vinlash.com | info@vinlash.com | contact@vinlash.com,,,vinlash.com,en,vinlashdotcom/,Vinlashvietnam%20,vinlashfactory/,company/vinlash-com%20,,,@vinlashfactory,"vinlash, legally known as inhh vinlash vn vinlash vn co. ltd., is a vietnamese company based in thu dau mot city, binh duong province. it is a leading manufacturer, supplier, distributor, and wholesaler of high-quality eyelashes, eyelash extensions, and false eyelashes. vinlash offers a wide range of products including classic extensions, camellia extensions, flat extensions, and various pre-made fans. the company is known for its commitment to quality assurance, private labeling, and 24/7 customer support. vinlash operates state-of-the-art facilities and employs advanced technology to ensure consistent and durable lash products. the company holds iso certifications and is dedicated to innovation and customer satisfaction in the lash industry.",quality control protocols | narrow pro made fans | classic extensions | y & w lashes | private labeling services | easy fan eyelash extension | 24/7 customer support,vinlash.com,19287
vinlashvietnam,,vinlashvietnam | vinlash,vn,hà nội,,hà nội,100000,đường la thành,243a,21.0233286,105.8201513,"243a đường la thành, hà nội, 100000, vietnam","vn, vietnam, hà nội, hà nội, 100000, đường la thành, 243a, 21.0233286, 105.8201513","vinlashvietnam is a cosmetic manufacturer based in hà nội, vietnam.","professional private label vietnam eyelash factory - quality is king
whatapp: +84 898 462 990insta : https://www.instagram.com/vinlashvietnam",private label | manufacturing | mechanical engineering,nondurable products,cosmetic products,pharmaceuticals & cosmetics,+84898462990,+84898462990,,,,,vinlash.com,,,,,company/vinlash-com,,,,the company is a professional private label eyelash factory located in vietnam. they specialize in manufacturing high-quality eyelashes.,private label eyewash | eyelash manufacturing,,20377
vinlash factory,,vinlash factory,vn,bình dương province,tuong binh hiep ward,thủ dầu một,75106,hồ văn cống,600,11.018485799999999,106.62959099999999,"600 hồ văn cống, tương bình hiệp, thủ dầu một, bình dương 820000, vietnam","vn, vietnam, bình dương province, thủ dầu một, 75106, hồ văn cống, 600, 11.018485799999999, 106.62959099999999",,,,,,,+84898462990,+84898462990,,,,?opi=79508299&sa=U&ved=0ahUKEwifmO2_v4OIAxUCg_0HHXiOCG8Q61gIFCgR&usg=AOvVaw0JHDp6kM1xPh1toaCQSa8-,vinlash.com,,,,,,,,,"vinlash factory is a company based in thủ dầu một, bình dương province, vietnam. it operates as a supplier of beauty products.",toilet preparation manufacturing | beautapy products manufacturer,,26044
