company_name,company_legal_names,company_commercial_names,main_country_code,main_region,main_city_district,main_city,main_postcode,main_street,main_street_number,main_latitude,main_longitude,main_address_raw_text,locations,short_description,long_description,business_tags,product_type,main_industry,main_sector,primary_phone,phone_numbers,primary_email,emails,other_emails,website_url,website_domain,website_language_code,facebook_url,twitter_url,instagram_url,linkedin_url,ios_app_url,android_app_url,youtube_url,generated_description,generated_business_tags,domains,id
ymca of greater long beach,,ymca of greater long beach,us,california,,long beach,90807,long beach boulevard,3605,33.82239838461538,-118.18945292307693,"3605 long beach blvd suite 210, long beach, ca, united states, california","us, united states, california, long beach, 90807, long beach boulevard, 3605, 33.82239838461538, -118.18945292307693",,,,,,,+15622791700,+15622791700,andrea.sulsona@lbymca.org,,,,lbymca.org,,LongBeach.YMCA/,,,,,,,,,,9194
lakewood family ymca,,lakewood family ymca,us,california,,lakewood,90716,carson street,5835,33.8313147,-118.0879871,"5835 e. carson st, lakewood, ca, united states, california","us, united states, california, lakewood, 90716, carson street, 5835, 33.8313147, -118.0879871","lakewood family ymca is a gyms, fitness & health center based in lakewood, california, united states.",,,consumer services,recreational sports centers,"arts, entertainment & recreation",+15624257431,+15624257431,lakewoodfamilyymca@lbymca.org,,,,lbymca.org,,Lakewood.YMCA/,,,,,,,,,,10206
community development ymca,,community development ymca,us,california,,long beach,90806,long beach boulevard,1900,33.7923283,-118.189138,"1900 long beach blvd suite 100, long beach, ca 90806, united states","us, united states, california, long beach, 90806, long beach boulevard, 1900, 33.7923283, -118.189138",,,,,,,+15622304302,+15622304302,,,,locations/community-development-ymca,lbymca.org,,,,,,,,,"the community development ymca is a youth organization located in long beach, california, united states.",non-profit organization | healthy living programs | youth development programs,,15589
ymca first friendships preschool,,ymca first friendships preschool,us,california,,long beach,90805,orange avenue,6650,33.87577900000001,-118.1768979,"6650 orange ave, long beach, ca 90805, united states","us, united states, california, long beach, 90805, orange avenue, 6650, 33.87577900000001, -118.1768979","ymca first friendships preschool is a preschool/kindergarten based in long beach, california, united states.",,,education,education,education,+15629842358,+15629842358,,,,preschool-program,lbymca.org,,,,,,,,,"ymca first friendships preschool is a preschool and youth organization located in long beach, california, united states.",preschool education | youth organization | non-profit organization,,19296
ymca of greater long beach - corporate office,,ymca of greater long beach - corporate office,us,california,,long beach,90807,long beach boulevard,3605,33.8228714,-118.1896675,"3605 long beach blvd #210, long beach, ca 90807, united states","us, united states, california, long beach, 90807, long beach boulevard, 3605, 33.8228714, -118.1896675",,,,,,,+15622791700,+15622791700,,,,,lbymca.org,,LongBeach.YMCA/,,,,,,,"the ymca of greater long beach - corporate office is a non-profit organization and youth care service located in long beach, california, united states.",non-profit organization | youth development programs | social responsibility initiatives | corning,,20967
ymca - community development,,ymca - community development,us,california,,long beach,90813,long beach boulevard,820,33.7771733,-118.1889697,"820 long beach blvd, long beach, ca 90813","us, united states, california, long beach, 90813, long beach boulevard, 820, 33.7771733, -118.1889697",,,,,,,+15622304302,+15622304302,,,,locations/community-development-ymca&opi=79508299&sa=U&ved=0ahUKEwj7l5TLqbaFAxWAq4kEHSm_DCMQ61gIEigO&usg=AOvVaw0hL80Bj32WuXjcoaE0ld6t,lbymca.org,,,,,,,,,"the ymca - community development is a youth organization based in long beach, california, united states.",community development | youth development programs | non-profit organization,,21603
lakewood family ymca,,lakewood family ymca,us,california,,lakewood,90713,carson street,5835,33.8328616,-118.11785899999998,"5835 e carson st, lakewood, ca 90713, united states","us, united states, california, lakewood, 90713, carson street, 5835, 33.8328616, -118.11785899999998","lakewood family ymca is a gyms, fitness & health center based in lakewood, california, united states.",,,consumer services,recreational sports centers,"arts, entertainment & recreation",+15624257431,+15624257431,,,,locations/lakewood-family-ymca,lbymca.org,,Lakewood.YMCA/,,lakewoodfamilyymca/,,,,,"the lakewood family ymca is a fitness center located in lakewood, california, united states.",accessibility & parking | fitness and recreational sports centers | community-oriented services | basketball courts | wheelchair accessible entrance | non-profit organization | swimming pools | sauna facilities,,27354
