company_name,company_legal_names,company_commercial_names,main_country_code,main_region,main_city_district,main_city,main_postcode,main_street,main_street_number,main_latitude,main_longitude,main_address_raw_text,locations,short_description,long_description,business_tags,product_type,main_industry,main_sector,primary_phone,phone_numbers,primary_email,emails,other_emails,website_url,website_domain,website_language_code,facebook_url,twitter_url,instagram_url,linkedin_url,ios_app_url,android_app_url,youtube_url,generated_description,generated_business_tags,domains,id
adams pickett donna md,,adams pickett donna md,us,georgia,,augusta,30909,j dewey gray circle,3624,33.4863826,-82.09731939999999,"3624 j dewey gray cir #240, augusta, ga 30909","us, united states, georgia, augusta, 30909, j dewey gray circle, 3624, 33.4863826, -82.09731939999999","adams pickett donna md is a fertility, birth & maternity clinic based in augusta, georgia, united states.",,,consumer services,hospitals & clinics,health care & social assistance,+17062286060,+17062286060,,,,&opi=79508299&sa=U&ved=0ahUKEwigq92R9bWFAxUWbWwGHU8iC1wQ61gIEigO&usg=AOvVaw2PGl4wvkfAHY0gSesa6Iyw,augustawomenshealth.com,,,,,,,,,,,,1454
augusta women's health and wellness center,,augusta women's health and wellness center,us,georgia,,augusta,,,,33.4709714,-81.9748429,"augusta, georgia, united states","us, united states, georgia, augusta, , , , 33.4709714, -81.9748429",,,hospital care | medical practices | medical practice,,,,+17062286060,+17062286060,,,,,augustawomenshealth.com,,,,,company/augusta-women's-health-and-wellness-center,,,,,,augustawomenshealth.com,4722
augusta women's health & wellness center,,augusta women's health & wellness center,us,georgia,,augusta,30909,j dewey gray circle,3652,33.488172299999995,-82.0963283,"3652 j dewey gray cir, augusta, ga 30909","us, united states, georgia, augusta, 30909, j dewey gray circle, 3652, 33.488172299999995, -82.0963283","augusta women's health & wellness center is a fertility, birth & maternity clinic based in augusta, georgia, united states.",,,consumer services,hospitals & clinics,health care & social assistance,+17062286060,+17062286060,,,,&opi=79508299&sa=U&ved=0ahUKEwj-wefRw7KFAxUNlIkEHXUKAZ0Q61gIEigO&usg=AOvVaw2V5uuwvsdlv8jNxMd33Ih4,augustawomenshealth.com,,,,,,,,,,,,5371
augusta women's health & wellness center p.c.,augusta women's health & wellness center p.c.,,us,georgia,,augusta,,,,33.470970153808594,-81.97484588623047,"united states, ga, augusta, 3624 j dewey gray cir ste 240, 30909-1867","us, united states, georgia, augusta, , , , 33.470970153808594, -81.97484588623047",,,,,,,,,,,,,augustawomenshealth.com,,,,,,,,,,,augustawomenshealth.com,12131
augusta women's health and wellness center,,augusta women's health and wellness center,us,georgia,,augusta,,,,33.4709714,-81.9748429,", augusta, georgia, united states","us, united states, georgia, augusta, , , , 33.4709714, -81.9748429",,,,,,,+17062286060,+17062286060,,,,,augustawomenshealth.com,,,,,company/augusta-women's-health-and-wellness-center,,,,,,,20311
"adams pickett, donna m.d.",,"adams pickett, donna m.d.",us,georgia,,augusta,,j dewey gray circle,,33.48643112182617,-82.0945053100586,,"us, united states, georgia, augusta, , j dewey gray circle, , 33.48643112182617, -82.0945053100586","adams pickett, donna m.d. is a surgeons & physicians clinic based in augusta, georgia, united states.",,,consumer services,hospitals & clinics,health care & social assistance,+17062286060,+17062286060,,,,,augustawomenshealth.com,,,,,,,,,,,augustawomenshealth.com,21737
augusta women's health & wellness,,augusta women's health & wellness | augusta women's health,us,georgia,,augusta,30909,j dewey gray circle,3652,33.48751471121345,-82.09624407398879,"3652 j dewey gray cir., augusta, ga 30909","us, united states, georgia, augusta, 30909, j dewey gray circle, 3652, 33.48751471121345, -82.09624407398879","augusta women's health & wellness is a fertility, birth & maternity clinic based in augusta, georgia, united states.",donna adams-pickett understands the importance of finding a gynecologist who you can comfortably trust to care for your needs regardless of where you are in life's journey. we are focused on optimizing your wellness while providing individualized care curated to your specific needs. we care for you - mind and body.,health & wellness | road to wellness | health services | health care | menopause | rapid covid testing,consumer services,hospitals & clinics,health care & social assistance,+17062286060,+17062286060,olivia.almagro@gmail.com,,,,augustawomenshealth.com,en,Augusta-Womens-Health-Wellness-Center-126797770684654/,,,,,,,"augusta women's health & wellness is a healthcare provider located in augusta, georgia. the center specializes in women's health services, offering care from pre-adolescence to post-menopause. dr. donna adams-pickett and her staff are dedicated to providing individualized, supportive care in a nurturing environment. the clinic emphasizes the importance of finding a trusted gynecologist to address the diverse needs of women throughout their life journey. rapid covid-19 testing is available seven days a week, with extended hours on weekdays.",womens wellness services | rapid covid testing | reproductive health services | individualized care | health and medical services,augustawomenshealth.com,22912
