company_name,company_legal_names,company_commercial_names,main_country_code,main_region,main_city_district,main_city,main_postcode,main_street,main_street_number,main_latitude,main_longitude,main_address_raw_text,locations,short_description,long_description,business_tags,product_type,main_industry,main_sector,primary_phone,phone_numbers,primary_email,emails,other_emails,website_url,website_domain,website_language_code,facebook_url,twitter_url,instagram_url,linkedin_url,ios_app_url,android_app_url,youtube_url,generated_description,generated_business_tags,domains,id
luis electric,,luis electric | luis electrical,us,texas,,manvel,77578,,,29.4664706,-95.355714,"p.o. box 1384
manvel, tx 77578-1384","us, united states, texas, manvel, 77578, , , 29.4664706, -95.355714","luis electric is an electrical & wiring contractor based in manvel, texas, united states.","luis electric is a full service electrical business that has been serving the houston metro area for more than 10 years. we are family owned and started our business with humble beginnings. our motto is ""to provide quality and honest service"". that is why luis electric now specializes in residential; however, we do all of the following: residential, remodel, new construction, light commercial and natural gas standby generators. luis electric takes bid work and offers free estimates. our goal is to deliver first class, on schedule, and in-budget projects to all of our customers. specializing in high-end residential service and commercial lighting.",wiring & electrical | lighting installations | outlet installation | electrical services | outside lighting | commercial & residential | residential remodelling | restaurants and bars | high end residential | contractors & architects | residential and commercial | commercial lights | design & decorate | bathroom renovators | stand-by generators | central air | bakeries | hvac | violation removal | natural gas | medical centers | light low | landscape light,professional services,finishing contractors,construction,+18327224875,+18327224875,luiselectric@live.com,,,,luiselectric.com,en,,,,,,,,"luis electric service is a full-service electrical business that has been operating in the houston metro area for over 10 years. the company specializes in high-end residential service and commercial lighting, offering services such as hvac power and controls, boiler wiring, dimming systems, landscape lighting, intercoms, data, telephone and cable, cctv, and indoor and outdoor wiring and lighting. luis electric takes on bid work and offers free estimates, and has a qualified and friendly staff ready to assist customers with their electrical needs. the owner, luis suchil, completed a five-year electrical program and now specializes in residential, remodel, new construction, light commercial, and natural gas standby generators.",electrical services | electrical installation services | lighting installation and maintenance services | dimming systems | intercom systems | data solutions | cctv systems | hvac power and control | parking lot lights | medical lighting | outside lights | boiler wiring | landscape light | cable telephone | high-end residential lighting,luiselectric.com,15656
luis electric,,luis electric,us,texas,,houston,77075,telean street,6802,29.62133396969697,-95.30227496969698,"6802 telean st, houston, texas, 77075-2826, united states","us, united states, texas, houston, 77075, telean street, 6802, 29.62133396969697, -95.30227496969698",,,,,,,+18327224875,+18327224875,,,,,luiselectric.com,,,,,company/luis-electric,,,,,,,15845
luis electric,,luis electric,us,texas,,houston,77075,telean street,6802,29.62133396969697,-95.30227496969698,"6802 telean st, houston, texas, 77075-2826, united states","us, united states, texas, houston, 77075, telean street, 6802, 29.62133396969697, -95.30227496969698",,,,,,,+18327224875,+18327224875,,,,,luiselectric.com,,,,,company/luis-electric,,,,,,,19506
luis electric,,luis electric,us,texas,,houston,77075,telean street,6802,29.62133396969697,-95.30227496969698,"6802 telean st, houston, texas, 77075-2826, united states","us, united states, texas, houston, 77075, telean street, 6802, 29.62133396969697, -95.30227496969698",,,,,,,+18327224875,+18327224875,,,,,luiselectric.com,,,,,company/luis-electric,,,,,,luiselectric.com,20435
luis electric,,luis electric,us,texas,,houston,77075,telean street,6802,29.62133396969697,-95.30227496969698,"6802 telean st, houston, texas, 77075-2826, united states","us, united states, texas, houston, 77075, telean street, 6802, 29.62133396969697, -95.30227496969698",,,,,,,+18327224875,+18327224875,,,,,luiselectric.com,,,,,company/luis-electric,,,,,,luiselectric.com,23406
