company_name,company_legal_names,company_commercial_names,main_country_code,main_region,main_city_district,main_city,main_postcode,main_street,main_street_number,main_latitude,main_longitude,main_address_raw_text,locations,short_description,long_description,business_tags,product_type,main_industry,main_sector,primary_phone,phone_numbers,primary_email,emails,other_emails,website_url,website_domain,website_language_code,facebook_url,twitter_url,instagram_url,linkedin_url,ios_app_url,android_app_url,youtube_url,generated_description,generated_business_tags,domains,id
kj floorsolutions,,kj floorsolutions,nl,south holland,,schoonhoven,2872 zw,robijnstraat,16,51.9517095,4.8670827,"robijnstraat 16, 2872zw, schoonhoven, netherlands, zuid-holland","nl, netherlands, south holland, schoonhoven, 2872 zw, robijnstraat, 16, 51.9517095, 4.8670827","kj floorsolutions is a flooring contractor based in schoonhoven, netherlands.","kj floor solutions is een jonge dynamische onderneming die sinds 2008 zich bezig houdt met alles op het gebied van vloeren, raamdecoratie, gordijnen, insecten en zonwering zowel voor de particulier als voor de projecten. showroom schoonhoven",flooring solutions,professional services,finishing contractors,construction,,,info@kjfloorsolutions.com,info@kjfloorsolutions.com,,,kjfloorsolutions.com,,kjfloorsolutions/,,,,,,,"kj floor solutions is a young and dynamic company that has been operating since 2008. they specialize in flooring, window decoration, curtains, insect control, and sun protection for both residential and commercial projects.",flavor | curtain installation | sun protection installation | flooring installation | pest control services | window decoration installation,kjfloorsolutions.com,16327
kj floorsolutions,,kj floorsolutions,nl,south holland,,bergambacht,,,,51.9314474,4.7827247,", bergambacht, zuid-holland, 2861, netherlands","nl, netherlands, south holland, bergambacht, , , , 51.9314474, 4.7827247",,,,,,,+31651667188,+31651667188,,,,,kjfloorsolutions.com,,,,,company/kj-floorsolutions,,,,,,,19586
kj floorsolutions,,kj floorsolutions,nl,south holland,,schoonhoven,2872 zw,robijnstraat,16,51.95164469999999,4.8671077,"robijnstraat 16, 2872 zw schoonhoven, netherlands","nl, netherlands, south holland, schoonhoven, 2872 zw, robijnstraat, 16, 51.95164469999999, 4.8671077","kj floorsolutions is a flooring contractor based in schoonhoven, netherlands.",,,professional services,finishing contractors,construction,+31651667188,+31651667188,,,,,kjfloorsolutions.com,,,,,,,,,"kj floorsolutions is a flooring store located in schoonhoven, south holland, netherlands. the company specializes in providing a variety of flooring solutions.",flooring installation services | wheelchair accessible parking lot | onsite services | lgbtq+ inclusivity promotion | wheelchair accessible seating,,26430
kj floorsolutions,,kj floorsolutions,nl,south holland,,bergambacht,,,,51.9314474,4.7827247,"bergambacht, zuid-holland, 2861, netherlands","nl, netherlands, south holland, bergambacht, , , , 51.9314474, 4.7827247",,,construction,,,,+31651667188,+31651667188,,,,,kjfloorsolutions.com,,,,,company/kj-floorsolutions,,,,,,kjfloorsolutions.com,27682
kj floorsolutions,,kj floorsolutions,nl,south holland,,schoonhoven,2872 zw,robijnstraat,16,51.9517095,4.8670827,"robijnstraat 16, schoonhoven, 2872zw","nl, netherlands, south holland, schoonhoven, 2872 zw, robijnstraat, 16, 51.9517095, 4.8670827",,,,,,,,,,,,,kjfloorsolutions.com,,,,kjfloorsolutions/,,,,,,,,30245
kj floorsolutions,,kj floorsolutions,nl,south holland,,bergambacht,,,,51.9314474,4.7827247,", bergambacht, zuid-holland, 2861, netherlands","nl, netherlands, south holland, bergambacht, , , , 51.9314474, 4.7827247",,,,,,,+31651667188,+31651667188,,,,,kjfloorsolutions.com,,,,,company/kj-floorsolutions,,,,,,,31948
kj floor solutions,,kj floor solutions,nl,south holland,,schoonhoven,2872 zx,robijnstraat,16,51.9517095,4.8670827,robijnstraat 16 2872 zx schoonhoven netherlands,"nl, netherlands, south holland, schoonhoven, 2872 zx, robijnstraat, 16, 51.9517095, 4.8670827","kj floor solutions is a flooring contractor based in schoonhoven, netherlands.","the intention is to display ads that are relevant and engaging for the individual user and thereby more valuable for publishers and third party advertisers. bezoek onze showroom in schoonhoven voor de beste prijs-kwaliteitverhouding en uitstekende service. we bieden deskundig advies om ervoor te zorgen dat uw keuze perfect aansluit bij uw interieur en levensstijl. vervolgens zorgen onze ervaren vakmensen voor een nauwkeurige installatie, met oog voor detail en respect voor uw woning of projectruimte. kj floorsolutions is al ruim 10 jaar een begrip voor bergambacht en ver daar buiten. maar ook als particulier kunt u uitstekend bij ons terecht voor de inrichting van uw huis of appartement. daarnaast volgen we de trends en innovaties op de voet. neem vrijblijvend contact met ons op voor de mogelijkheden en kom, op afspraak, langs in onze showroom.",,professional services,finishing contractors,construction,,,info@kjfloorsolutions.com,info@kjfloorsolutions.com,,,kjfloorsolutions.com,en,,,kjfloorsolutions/,,,,,"kj floorsolutions is a flooring company based in schoonhoven, south holland. the company specializes in providing high-quality flooring solutions, including pvc, laminate, carpet, rubber, marmoleum, and concrete designs. they also offer window decorations, shutters, and outdoor sun protection for both residential and commercial projects. kj floorsolutions emphasizes customer focus, quality, craftsmanship, flexibility, and service, working exclusively with top brands and staying updated with industry trends and innovations. the company is led by klaas-jan speksnijder, who has over 15 years of experience in the flooring industry.",roller shutters | window screens | window curtains | sun and weather protection solutions | vinyl flooring retailer | pvc flooring provider | rubber flooring manufacturer | carpet flooring installation | flooring and window decoration | laminate flooring,kjfloorsolutions.nl | kjfloorsolutions.com,32451
