company_name,company_legal_names,company_commercial_names,main_country_code,main_region,main_city_district,main_city,main_postcode,main_street,main_street_number,main_latitude,main_longitude,main_address_raw_text,locations,short_description,long_description,business_tags,product_type,main_industry,main_sector,primary_phone,phone_numbers,primary_email,emails,other_emails,website_url,website_domain,website_language_code,facebook_url,twitter_url,instagram_url,linkedin_url,ios_app_url,android_app_url,youtube_url,generated_description,generated_business_tags,domains,id
bellanico,,bellanico | bellanico restaurant and wine bar,us,california,,oakland,94602,,,37.80116568909091,-122.21541676727273,4238 park blvd. | oakland | ca | 94602,"us, united states, california, oakland, 94602, , , 37.80116568909091, -122.21541676727273","bellanico is a pizza & italian restaurant based in oakland, california, united states.",,wine bars | wines by the glass | dinner menu | italian cuisine | organic products | italian restaurants | italian wines | purchase gift certificate,consumer services,restaurants,accommodation & food services,+15103361180,+15103361180,elizabeth@bellanico.net,,,,bellanico.net,en,,,,,,,,"bellanico is a restaurant and wine bar located in oakland, california. the establishment offers a variety of dining options, including brunch on weekends and dinner on weekdays. bellanico is known for its brunch menu, which features new items such as bruschetta with chermoula and chickpeas. the restaurant also provides delivery services through platforms like doordash. bellanico is part of the local community and is recognized for its commitment to quality and service.",brunch services | reservation services | online ordering service | wine for dinner | caviar delivery | catering services | restaurant and wine bar | gift certificates,bellanico.net,1471
bellanico,,bellanico,us,california,,oakland,94602,park boulevard,4238,37.80754089355469,-122.22171783447266,,"us, united states, california, oakland, 94602, park boulevard, 4238, 37.80754089355469, -122.22171783447266",,,,,,,+15103361180,+15103361180,,,,,bellanico.net,,,,,,,,,,,bellanico.net,2799
bellanico restaurant and wine bar,,bellanico restaurant and wine bar,us,california,,oakland,,,,37.8044557,-122.271356,"oakland, ca, us 94602","us, united states, california, oakland, , , , 37.8044557, -122.271356","bellanico restaurant and wine bar is a pizza & italian restaurant based in oakland, california, united states.",,,consumer services,restaurants,accommodation & food services,+15103361180,+15103361180,takeout@bellanico.net,,,,bellanico.net,,bellanico-restaurant-and-wine-bar-284607545860/,,,,,,,,,,8933
bellanico inc.,bellanico inc.,,us,california,,oakland,94602,park boulevard,4238,37.807491302490234,-122.22158813476562,"united states, ca, oakland, 4238 park blvd, 94602-1312","us, united states, california, oakland, 94602, park boulevard, 4238, 37.807491302490234, -122.22158813476562",,,,,,,,,,,,,bellanico.net,,,,,,,,,,,bellanico.net,9665
bellanico restaurant & wine bar,,bellanico restaurant & wine bar,us,california,,oakland,94602,park boulevard,4238,37.8075426,-122.2217201,"4238 park blvd, oakland, california, 94602-1312, united states","us, united states, california, oakland, 94602, park boulevard, 4238, 37.8075426, -122.2217201",,,restaurant,,,,+15103361180,+15103361180,,,,,bellanico.net,,pages/Oakland-CA/Bellanico-Restaurant-and-Wine-Bar/284607545860,Bellanico1,,company/bellanico-restaurant-&-wine-bar,,,,,,,11411
bellanico restaurant and wine bar,,bellanico restaurant and wine bar,us,california,,oakland,94602,park boulevard,4238,37.80748965,-122.22158848319823,"4238 park blvd, 94602, oakland, ca, california","us, united states, california, oakland, 94602, park boulevard, 4238, 37.80748965, -122.22158848319823","bellanico restaurant and wine bar is a pizza & italian restaurant based in oakland, california, united states.",,,consumer services,restaurants,accommodation & food services,+15103361180,+15103361180,takeout@bellanico.net,,,,bellanico.net,,Bellanico-Restaurant-and-Wine-Bar-284607545860/,,,,,,,,,,14145
bellanico restaurant & wine bar,,bellanico restaurant & wine bar,us,california,,oakland,94602,park boulevard,4238,37.8075426,-122.2217201,"4238 park blvd, oakland, california, 94602-1312, united states","us, united states, california, oakland, 94602, park boulevard, 4238, 37.8075426, -122.2217201",,,restaurant,,,,+15103361180,+15103361180,,,,,bellanico.net,,pages/Oakland-CA/Bellanico-Restaurant-and-Wine-Bar/284607545860,Bellanico1,,company/bellanico-restaurant-&-wine-bar,,,,,,bellanico.net,19180
bellanico restaurant and wine bar,,bellanico restaurant and wine bar,us,california,,oakland,94602,park boulevard,4238,37.807508299999995,-122.2216528,"4238 park blvd, oakland, ca 94602","us, united states, california, oakland, 94602, park boulevard, 4238, 37.807508299999995, -122.2216528","bellanico restaurant and wine bar is a pizza & italian restaurant based in oakland, california, united states.","housemade pasta, tasting menus & wine flights are offered at this smart italian trattoria.",,consumer services,restaurants,accommodation & food services,+15103361180,+15103361180,,,,,bellanico.net,,,,bellanicorestaurant_oakland/,,,,,"bellanico restaurant and wine bar is an italian restaurant and wine bar located in oakland, california. the establishment offers a variety of services including brunch, dine-in, takeout, curbside pickup, and delivery. the menu features housemade pasta, tasting menus, and wine flights. the restaurant is known for its creative italian fare and has a bustling atmosphere.",small plates | organic options | curbside pickup | wine bar services | italian restaurants | catering services | tasting menu | comfort food | happy hour drinks | food and beverage services | alcoholic beverages | house-made pastas | dine-in service,,27288
