company_name,company_legal_names,company_commercial_names,main_country_code,main_region,main_city_district,main_city,main_postcode,main_street,main_street_number,main_latitude,main_longitude,main_address_raw_text,locations,short_description,long_description,business_tags,product_type,main_industry,main_sector,primary_phone,phone_numbers,primary_email,emails,other_emails,website_url,website_domain,website_language_code,facebook_url,twitter_url,instagram_url,linkedin_url,ios_app_url,android_app_url,youtube_url,generated_description,generated_business_tags,domains,id
common era diesel,,common era diesel,us,wisconsin,,waukesha,53189,timber ridge court,800,42.9694811,-88.2455311,"800 timber ridge ct, waukesha, wisconsin, 53189-5830, united states","us, united states, wisconsin, waukesha, 53189, timber ridge court, 800, 42.9694811, -88.2455311",,,,,,,+12623781344,+12623781344,,,,,commoneradiesel.com,,,,,company/common-era-diesel,,,,,,,1502
common era diesel,,common era diesel,us,wisconsin,,waukesha,53186,perkins avenue,1005,43.0162874,-88.2126806,"1005 perkins ave, waukesha, wisconsin, 53186","us, united states, wisconsin, waukesha, 53186, perkins avenue, 1005, 43.0162874, -88.2126806",,,,,,,,,,,,,commoneradiesel.com,,,,commoneradiesel/,,,,,,,,2615
common era diesel,,common era diesel,us,wisconsin,,waukesha,53189,timber ridge court,800,42.9694811,-88.2455311,"800 timber ridge ct, waukesha, wisconsin, 53189-5830, united states","us, united states, wisconsin, waukesha, 53189, timber ridge court, 800, 42.9694811, -88.2455311",,,individual & family services,,,,+12623781344,+12623781344,,,,,commoneradiesel.com,,commoneradiesel/,,commoneradiesel/,company/common-era-diesel,,,,,,,4841
common era diesel,,common era diesel,us,wisconsin,,waukesha,53186,perkins avenue,1005,43.0168629,-88.210836,"1005 perkins ave, waukesha, wi 53186, united states","us, united states, wisconsin, waukesha, 53186, perkins avenue, 1005, 43.0168629, -88.210836","common era diesel is an auto parts store based in waukesha, wisconsin, united states.",,,durable products,auto parts,automotive,+12623781344,+12623781344,,,,,commoneradiesel.com,,commoneradiesel/,,,,,,,"common era diesel is a business located in waukesha, wisconsin, united states. it operates in several categories including diesel engine repair service, auto parts store, auto repair shop, auto restoration service, engine rebuilding service, truck accessories store, and truck repair shop.",auto restoration | auto parts store | engine rebuilding services | truck accessories retailer,,7139
common era diesel,,common era diesel,us,wisconsin,,waukesha,53186,perkins avenue,1005,43.0162874,-88.2126806,"1005 perkins ave waukesha, wi 53186","us, united states, wisconsin, waukesha, 53186, perkins avenue, 1005, 43.0162874, -88.2126806","common era diesel is an auto service based in waukesha, wisconsin, united states.","we are situated in a shared 200,000sqft industrial building in waukesha, wi. this massive remodeled shop includes three 10 ton overhead cranes, hoists, welders and fab equipment to build any pickup truck or custom rig you can dream of. our focus is in diesel/gas performance upgrades including engines, fuel systems, transmissions, suspension and building custom trucks on request. bringing your dreams into reality. we build trust and relationships with our clients to have them as life long customers and to see there dreams become a reality. we can handle all areas of expertise on your truck. we specialize in diesel performance and repair along with custom building gas and diesel trucks. restorations, engines, transmissions, driveline, turbos, fuel system and all things truck related. specializing in 68rfe transmissions. common era diesel in southeastern wi for all your diesel engine repair services and parts - injectors, turbos, transmissions, engines, suspension lift kits, truck restoration and building custom trucks is our speciality.",fuel systems | diesel performance | engine & transmission | repair services | diesel engine services | suspension & steering | cold air intakes | wheels & tire | lift kit installation | exhaust brakes | engine replacement | silicone hose | steering components | exhaust tips | engine swaps | head gaskets | transfer cases | cooling system | gear change | water pumps | off roading | performance engineering | diesel engine repairs | suspension lift kits | servicing & parts | transmission and engines | custom trucks | fleet & vehicle | custom rigs | lift installation | led & lighting | welders | industrial buildings | interior and exterior | powder coatings | overhead cranes & hoists | custom grills | custom emblems | custom builders,consumer services,auto services,other consumer services,+12627168424,+12627168424 | +12623781344,commoneradiesel@gmail.com,,,,commoneradiesel.com,en,commoneradiesel/,,commoneradiesel/,,,,user/Wix,"common era diesel is a company based in waukesha, wisconsin, specializing in diesel and gas performance upgrades and custom truck builds. established in 2014, the company operates from a 200,000 square foot industrial facility equipped with advanced machinery for engine and transmission swaps, suspension builds, and custom fabrication. common era diesel offers a range of services including diesel engine repairs, fuel system upgrades, turbo installations, and drivetrain modifications. they are also an authorized dealer of quality brands and provide comprehensive fleet maintenance and uptime management. the company is committed to delivering high-quality products and services with a focus on customer satisfaction and building long-term relationships with their clients.",transmission systems | custom emblems | steering & suspension | diesel performance upgrades | performance engines | fuel systems | fleet maintenance services | custom truck building services | performance builds | axle swaps | uptime management | shock and coilover installation | fabrication services | air ride lift installations | frame restoration | automotive repair and maintenance services | engine and transmission swap services,commoneradiesel.com,8266
common era diesel,,common era diesel,us,wisconsin,,waukesha,,,,43.0116784,-88.2314813,", waukesha, wisconsin, united states","us, united states, wisconsin, waukesha, , , , 43.0116784, -88.2314813",,,individual & family services,,,,+12623781344,+12623781344,,,,,commoneradiesel.com,,commoneradiesel/,,commoneradiesel/,company/common-era-diesel,,,,,,,15695
common era diesel,,common era diesel,us,wisconsin,,waukesha,53186,perkins avenue,1005,43.01600477620257,-88.21282475105058,"1005 perkins ave, waukesha, wi, us 53186","us, united states, wisconsin, waukesha, 53186, perkins avenue, 1005, 43.01600477620257, -88.21282475105058",,,,,,,+12623781344,+12623781344,commoneradiesel@gmail.com,,,,commoneradiesel.com,,commoneradiesel/,,,,,,,,,commoneradiesel.com,24371
