company_name,company_legal_names,company_commercial_names,main_country_code,main_region,main_city_district,main_city,main_postcode,main_street,main_street_number,main_latitude,main_longitude,main_address_raw_text,locations,short_description,long_description,business_tags,product_type,main_industry,main_sector,primary_phone,phone_numbers,primary_email,emails,other_emails,website_url,website_domain,website_language_code,facebook_url,twitter_url,instagram_url,linkedin_url,ios_app_url,android_app_url,youtube_url,generated_description,generated_business_tags,domains,id
ambulancias medical care 911,,ambulancias medical care 911,mx,mexico city,benito juárez,mexico city,03100,gabriel mancera,1433,19.3723152,-99.1680477,"c. gabriel mancera 1433, del valle, benito juárez, 03100 ciudad de méxico, cdmx, mexico","mx, mexico, mexico city, mexico city, 03100, gabriel mancera, 1433, 19.3723152, -99.1680477","ambulancias medical care 911 is an ambulances & rescue squad based in mexico city, mexico.",,,consumer services,hospitals & clinics,health care & social assistance,+525556015191,+525556015191,,,,,medicalcare911.com.mx,,,,,,,,,"ambulancias medical care 911 is an ambulance and air ambulance service provider based in mexico city, mexico.",air ambulance and air ambulances | transportation services | emergency services | medical equipment supplier,,1402
medical care 911,,medical care 911 | ambulancias medical care 911,mx,mexico city,benito juárez,mexico city,03104,gabriel mancera,,19.37210772634816,-99.16776001084494,,"mx, mexico, mexico city, mexico city, 03104, gabriel mancera, , 19.37210772634816, -99.16776001084494","medical care 911 is an ambulances & rescue squad based in mexico city, mexico.","comenzamos hace 15 años con la ilusión de dar un servicio a aquellas personas que necesitaban de un servicio de ambulancia terrestre y ambulancia aérea, pero que no sabían que existíamos. sin embargo al paso de los años nos hemos posicionado como una de las mejores empresas en el ramo de ambulancias y atención medica prehospitalaria en méxico. ambulancias medical care 911 , somos una empresa de ambulancias privadas ubicada en el distrito federal, estamos dedicados a brindarle el mejor servicio de ambulancia terrestre y ambulancia aérea a nivel nacional e internacional desde hace más de 20 años. adicionalmente contamos con servicio de consulta médica a domicilio en el df y renta de ambulancia para eventos , así como cualquier tipo de traslado en ambulancia, desde un traslado sencillo interhospitalario hasta un traslado de terapia intensiva. con nosotros usted estará seguro de recibir un servicio profesional con calidad y calidez a un precio justo , lo cual nos coloca como la mejor opción en servicio de ambulancias en méxico.",ground ambulance | ambulance service | home consultation | physician consultation | medical care | professional services | intensive therapy | eating in | self appraisal,consumer services,hospitals & clinics,health care & social assistance,,,direcciongeneral@medicalcare911.com.mx,,,,medicalcare911.com.mx,es,,,,,,,,"ambulancias medical care 911 is a private ambulance service company based in mexico city, mexico. with over 15 years of experience, the company specializes in both terrestrial and aerial ambulance transfers, as well as home medical consultations and event ambulance rentals. ambulancias medical care 911 serves a diverse clientele, including major corporations such as axa, general motors, and hsbc. the company is known for its well-equipped ambulances and certified personnel, ensuring high-quality and professional medical care.",ambulance service | ambulance rental for events | certified patients | international money transfer | home consultation | pre-hospital equipment,medicalcare911.com.mx,8809
ambulancias zeuss mc,,ambulancias zeuss mc,mx,mexico city,iztacalco,mexico city,08400,avenida río churubusco,,19.396642399999998,-99.09849159999999,"av. pdte. plutarco elias calles, av. río churubusco s/n, granjas méxico, iztacalco, 08400 cdmx, mexico","mx, mexico, mexico city, mexico city, 08400, avenida río churubusco, , 19.396642399999998, -99.09849159999999","ambulancias zeuss mc is an ambulances & rescue squad based in mexico city, mexico.",,,consumer services,hospitals & clinics,health care & social assistance,+525562933875,+525562933875,,,,,medicalcare911.com.mx,,,,,,,,,"ambulancias zeuss mc is an ambulance service provider located in mexico city, mexico.",ambulance service,,19428
ambulancias medicalcare 911,,ambulancias medicalcare 911,mx,mexico city,benito juárez,mexico city,03104,gabriel mancera,1433,19.372313,-99.16809289999999,"c. gabriel mancera 1433, col del valle centro, benito juárez, 03104 ciudad de méxico, cdmx, mexico","mx, mexico, mexico city, mexico city, 03104, gabriel mancera, 1433, 19.372313, -99.16809289999999","ambulancias medicalcare 911 is an ambulances & rescue squad based in mexico city, mexico.",,,consumer services,hospitals & clinics,health care & social assistance,+525519419881,+525519419881,,,,,medicalcare911.com.mx,,medicalcare911/,,,,,,,,,,30080
