company_name,company_legal_names,company_commercial_names,main_country_code,main_region,main_city_district,main_city,main_postcode,main_street,main_street_number,main_latitude,main_longitude,main_address_raw_text,locations,short_description,long_description,business_tags,product_type,main_industry,main_sector,primary_phone,phone_numbers,primary_email,emails,other_emails,website_url,website_domain,website_language_code,facebook_url,twitter_url,instagram_url,linkedin_url,ios_app_url,android_app_url,youtube_url,generated_description,generated_business_tags,domains,id
avalanche nigeria,,avalanche nigeria,,,,,,,,,,,,,"avalanche is nigeria's leading brand that focuses on e-driven educational products, with products li",,professional services,software & it services,it&c services,+2348165656585,+2348165656585,info@avalanchenigeria.com,info@avalanchenigeria.com,,,avalanchenigeria.com,,AvalancheNigeria/,,,,,,,avalanche is a prominent nigerian brand specializing in e-driven educational products.,educational services | educational e-products | online learning platform,,1421
avalanche nigeria,,avalanche nigeria | avalanche,ng,oyo state,,ibadan,234102,iyaganku road,3b,7.3881465,3.8768787,"3b, kobiowu crescent, iyaganku gra, ibadan, nigeria","ng, nigeria, oyo state, ibadan, 234102, iyaganku road, 3b, 7.3881465, 3.8768787","avalanche nigeria is a software development services company based in ibadan, nigeria.","this jamb cbt software is a utility that packages past utme and ume as a computer based test (cbt) software. it's a needful cbt software for students preparing for jamb utme. these subjects you wont find in other cbt software. yes, you also won't find the beautiful experiences of the real jamb cbt interface,the ""first"" standard-exam-interface, the no-expiring software, the most-beautifully friendly interface; the first of its kind and off-course designed almost free for your pocket with the free jamb cbt. this cbt exam flexibility software comes in a suite of three dependents applications namely; avalanche client, avalanche server and examloader. examtone.com offers institutions,including schools and multi-nationals a platform to create examination content and conduct online computer based testing to be available anywhere in the world. organizations call it, your exam anywhere, anytime with a push of a button. with examtone.com, organization can reduce their cost of conducting appraisals, tests and recruitment tests.it help schools both secondary and post-secondary to create more tests, assignments and exams for free.",secondary schools | software & it | international school | candidate preparation | standardized exams | software design | course design | i.t. consulting | school organisation | general studies | practice & learn | custom computers | locate a distributor,professional services,software & it services,it&c services,,,info@avalanchenigeria.com,info@avalanchenigeria.com,,,avalanchenigeria.com,en,AvalancheNigeria/,AvalancheNG,AvalancheNigeria/,company/avalanche-multi-dynamics-services-ltd,,,AvalancheNigeria,"avalanche nigeria is a company based in ibadan, oyo state, nigeria, specializing in computer based testing (cbt) software solutions. established in 2012, the company initially focused on providing jamb utme cbt practice software to help students prepare for the unified tertiary institution matriculation examination. over the years, avalanche nigeria has expanded its offerings to include cbt solutions for secondary schools, universities, and organizations. their product suite includes software such as avalanche jamb cbt, avalanche flex, and examtone.com, which supports various examinations including jamb utme, waec, and igcse. the company is known for its user-friendly interfaces, custom software solutions, and commitment to innovation in cbt technology.",software solutions provider | terminal examinations | cbt system software | avalanche flex | waec cbt | computerized testing software development,avalanchenigeria.com,12525
avalanche nigeria,,avalanche nigeria,ng,oyo state,,ibadan,234102,,,7.3783451,3.9713535,"3b kobiowu st, new gra, ibadan 200113, oyo, nigeria","ng, nigeria, oyo state, ibadan, 234102, , , 7.3783451, 3.9713535","avalanche nigeria is a title abstract & settlement office based in ibadan, nigeria.",,,professional services,translation & legal documents,legal,+2348165656585,+2348165656585,,,,&opi=79508299&sa=U&ved=0ahUKEwiO76Su_5qGAxU2KEQIHd_ECBkQ61gIFigS&usg=AOvVaw1Y7EcJQiONh-T6k0kp18av,avalanchenigeria.com,,AvalancheNigeria/,,,,,,,"avalanche nigeria is a title company based in ibadan, oyo state, nigeria.",title service | real estate services | title abstract and settlement offices | title company,avalanchenigeria.com,27843
avalanche ng,,avalanche ng | avalanche nigeria,ng,oyo state,,ibadan,234102,iyaganku road,,7.3881465,3.8768787,"iyaganku rd, ibadan, oyo, nigeria","ng, nigeria, oyo state, ibadan, 234102, iyaganku road, , 7.3881465, 3.8768787","avalanche ng is a software development services company based in ibadan, nigeria.","a software development company. the company majors her strength on three major brands.. avalanche nigeria, schrobs and damaven. avalanche nigeria is the educational software development arm of the company and her major products are avalanche pk and avalanche flex.",software development | education software | information technology services,professional services,software & it services,it&c services,+2348165656585,+2348165656585,,,,,avalanchenigeria.com,,AvalancheNigeria,AvalancheNG,AvalancheNigeria,company/avalanche-multi-dynamics-services-ltd,,,,"the company is a software development company that focuses on three main brands: avalanche nigeria, schrobs, and damaven. avalanche nigeria is the educational software development arm of the company, specializing in the production of avalanche pk and avalanche flex.",educational software development | avalanche flex,,30908
