company_name,company_legal_names,company_commercial_names,main_country_code,main_region,main_city_district,main_city,main_postcode,main_street,main_street_number,main_latitude,main_longitude,main_address_raw_text,locations,short_description,long_description,business_tags,product_type,main_industry,main_sector,primary_phone,phone_numbers,primary_email,emails,other_emails,website_url,website_domain,website_language_code,facebook_url,twitter_url,instagram_url,linkedin_url,ios_app_url,android_app_url,youtube_url,generated_description,generated_business_tags,domains,id
designer’s touch jewelry,,designer’s touch jewelry,us,florida,,wellington,33414,state road 7,1035,26.6518489,-80.2035643,"1035 s state road 7, wellington, florida, 33414, united states","us, united states, florida, wellington, 33414, state road 7, 1035, 26.6518489, -80.2035643","designer’s touch jewelry is a watches & jewelry store based in wellington, florida, united states.","at designer's touch jewelry, our family owned and operated jewelry store has been offering the best services to wellington since 1986. whether you're looking for custom jewelry, jewelry repair, engagement rings or just because gifts, our jewelry store in wellington has your perfect fit. we offer men's jewelry, women's jewelry & fine watches such as michele watches. our professionals at designer's touch jewelry also offer a variety of repair services. we offer chain fixing, ring resizing, jewelry appraisal and the best services for creating a stunning custom piece. our designers take an artistic approach to your custom jewelry. we can help create your dream design for specific looks, or our designers can help guide you towards your perfect piece. at designer's touch jewelry, we offer the finest gold, platinum, silver and stainless steel pieces for a wide variety of men's and women's styles. we also offer appraisal and gold buying services. our family knows that quality jewelry is valuable to your family, which is why we only offer pieces that are truly the best of the best. this includes top brand name pieces and the finest watches available. when you're searching for a jeweler in wellington that offers custom pieces along with necklaces, rings, earrings, engagement rings, fine watches, michele watches and other pieces, it's time to visit our store. we're proud to be wellington's favorite jeweler. stop by and visit us today at designer's touch jewelry- where wellington gets its sparkle. we are located at 1035 state rd. 7, suite 122. wellington, fl 33414",design graphic | predictive analytics | google analytics | watch repair services | information technology | computer software | enterprise software solution | local services | information technology services | retail | jewelry repair services | consumer services | b2b’s | jewelry products,nondurable products,"watches, jewelry & accessories","apparel, accessories & footwear",+15617906220,+15617906220,,,,,designerstouchjewelry.com,,Designers-Touch-Jewelry-264798869253/,DesignersJewel,,company/designer%e2%80%99s-touch-jewelry,,,,"designer's touch jewelry is a family-owned and operated jewelry store located in wellington, florida. since 1986, they have been providing a wide range of services including custom jewelry, jewelry repair, engagement rings, and gifts. they offer men's and women's jewelry, fine watches such as michele watches, and a variety of repair services including chain fixing, ring resizing, and jewelry appraisal. their team of designers takes an artistic approach to creating custom jewelry and can help guide customers towards their perfect piece. designer's touch also offers a selection of gold, platinum, silver, and stainless steel pieces for both men and women, as well as top brand name pieces and the finest watches available. with a focus on quality, they are proud to be wellington's favorite jeweler.",,,1452
designer's touch jewelry,,designer's touch jewelry,us,florida,wellington,palm beach county,33414,state road 7,,26.650606155395508,-80.20361328125,,"us, united states, florida, palm beach county, 33414, state road 7, , 26.650606155395508, -80.20361328125","designer's touch jewelry is a watches & jewelry store based in palm beach county, florida, united states.",,,nondurable products,"watches, jewelry & accessories","apparel, accessories & footwear",+15617906220,+15617906220,,,,,designerstouchjewelry.com,,,,,,,,,,,,12853
designer's touch jewelry,,designer's touch jewelry,us,florida,,wellington,33449,state road 7,,26.6506068,-80.2036156,"2891 s state road 7, suite 120, wellington, fl, us 33414","us, united states, florida, wellington, 33449, state road 7, , 26.6506068, -80.2036156","designer's touch jewelry is a watches & jewelry store based in wellington, florida, united states.",,,nondurable products,"watches, jewelry & accessories","apparel, accessories & footwear",+15617906220,+15617906220,,,,,designerstouchjewelry.com,,Designerstouchjewelry/,,,,,,,,,designerstouchjewelry.com,17910
nalame corp.,nalame corp.,,us,california,,fountain valley,92708,newhope street,17155,33.71418762207031,-117.9296875,,"us, united states, california, fountain valley, 92708, newhope street, 17155, 33.71418762207031, -117.9296875","nalame corp. is a watches & jewelry store based in fountain valley, california, united states.",,,nondurable products,"watches, jewelry & accessories","apparel, accessories & footwear",,,,,,,designerstouchjewelry.com,,,,,,,,,,,,21384
designer's touch jewelry,,designer's touch jewelry,us,florida,,wellington,33414,state road 7,2891,26.6518489,-80.2035643,"2891 s state rd. 7, suite 120, wellington, fl 33414","us, united states, florida, wellington, 33414, state road 7, 2891, 26.6518489, -80.2035643 | us, united states, florida, palm beach county, , , , ,","designer's touch jewelry is a watches & jewelry store based in wellington, florida, united states.","your go-to jewelry store in wellington. at designer's touch jewelry, we offer the finest gold, platinum, silver and stainless steel pieces for a wide variety of men's and women's styles. we also offer appraisal and gold buying services. this includes top brand name pieces and the finest watches available. we offer chain fixing, ring resizing, jewelry appraisal and the best services for creating a stunning custom piece. our designers take an artistic approach to your custom jewelry. we can help create your dream design for specific looks, or our designers can help guide you towards your perfect piece. when you're searching for a jeweler in wellington that offers custom pieces along with necklaces, rings, earrings, engagement rings, fine watches, michele watches and other pieces, it's time to visit our store. we're proud to be wellington's favorite jeweler. stop by and visit us today at designer's touch jewelry- where wellington gets its sparkle. at designer's touch jewelry , our family owned and operated jewelry store has been offering the best services to wellington since 1986.",jewelry stores | custom jewelry design | jewelry services | jewelry appraiser | jewelry repair | princess cut diamonds | customized jewelry | jewelry accessories | gold and silver | wedding ring | rings & earrings | gold & platinum | engagment rings | stainless steel | repair services | fine watches | ring resizing | gold buying | beauty & style | anniversary gift,nondurable products,"watches, jewelry & accessories","apparel, accessories & footwear",+15617906220,+15617906220,info@designerstouchjewelry.com,info@designerstouchjewelry.com,,,designerstouchjewelry.com,en,Designers-Touch-Jewelry-264798869253/,DesignersJewel,,,,,channel/UCCwEftTvxWcX39VMCYKu2-w,"designer's touch jewelry is a family-owned and operated jewelry store located in wellington, florida. established in 1986, the company specializes in custom jewelry design, jewelry repair, and appraisal services. they offer a wide range of jewelry including gold, platinum, silver, and stainless steel pieces for both men and women. additionally, they provide engagement rings, fine watches, and other custom jewelry pieces. the store is known for its personalized approach to creating unique and elegant jewelry, ensuring high-quality craftsmanship and customer satisfaction.",mens jewelry | womens jewelry retailer | jewelry repair services | engagement rings | fine watches retailer | custom jewelry design and appraisal,designerstouchjewelry.com,23046
designer's touch jewelry,,designer's touch jewelry,us,florida,,wellington,33414,state road 7,2891,26.6364173,-80.204972,"2891 s state rd 7 #120, wellington, fl 33414","us, united states, florida, wellington, 33414, state road 7, 2891, 26.6364173, -80.204972","designer's touch jewelry is a watches & jewelry store based in wellington, florida, united states.","our family owned and operated jewelry store has been offering the best services to wellington since 1986. whether you’re looking for custom jewelry, jewelry repair, engagement rings or just because gifts, our jewelry store in wellington has your perfect fit. we offer men’s jewelry, women’s jewelry & fine watches such as michele watches. we’ve been a longstanding creator of the best custom jewelry in wellington for decades. whether you’re looking to create the perfect engagement ring, anniversary gift, birthday gift or you’re searching for a custom piece to gift yourself, our jewelers are happy to help. we work one on one with our clients to create truly one of a kind pieces that offer beautiful style and lasting elegance.",,nondurable products,"watches, jewelry & accessories","apparel, accessories & footwear",+15617906220,+15617906220,,,,,designerstouchjewelry.com,,Designerstouchjewelry/,,,,,,,"designer's touch jewelry is a jeweler based in wellington, florida, united states. the company specializes in offering a variety of jewelry designs and sizes, catering to different preferences and budgets.",in-store shopping | wheelchair accessible entrance | repair services | jewelry repair services | retail trade,designerstouchjewelry.com,29183
