company_name,company_legal_names,company_commercial_names,main_country_code,main_region,main_city_district,main_city,main_postcode,main_street,main_street_number,main_latitude,main_longitude,main_address_raw_text,locations,short_description,long_description,business_tags,product_type,main_industry,main_sector,primary_phone,phone_numbers,primary_email,emails,other_emails,website_url,website_domain,website_language_code,facebook_url,twitter_url,instagram_url,linkedin_url,ios_app_url,android_app_url,youtube_url,generated_description,generated_business_tags,domains,id
farmtigo,farmtigo company limited.,farmtigo,,,,,,,,,,,,,"that's why we offer you the finest seafood from vietnam's coast, fresh and sustainable. your gateway to premium vietnamese seafood. at farmtigo, we pride ourselves on being a trusted trading company that transcends borders, connecting global buyers with esteemed vietnamese manufacturers. our mission is to facilitate seamless export connections, acting as the vital bridge that links international buyers to the rich tapestry of local producers in vietnam. at the core of our operations lies a commitment to excellence, transparency, and fostering enduring partnerships. from raw to refined, we process deeper, serving asia and the world. farmtigo is committed to eco-friendly and sustainable practices, ensuring the longevity of vietnam's aquatic resources. farmtigo is dedicated to understanding your needs and exceeding your expectations. renowned for its succulent taste and unparalleled quality, vietnamese shrimp stands as a testament to our commitment to delivering the best. we're here to collaborate and create a sustainable and delicious future together.",sea foods | sustainable practices | agriculture | quality control | agriculture sector,nondurable products,"meat, poultry & dairy",food & beverages,+84888823236,+84888823236,kientran@farmtigo.com,,,,farmtigo.com,en,farmtigo/,,farmtigo/,company/farmtigo,,,@farmtigo,"farmtigo, legally known as farmtigo company limited., based in ho chi minh city, vietnam, is a trusted trading company specializing in premium vietnamese seafood. the company connects global buyers with esteemed vietnamese manufacturers, ensuring seamless export connections. farmtigo is committed to quality assurance, sustainable practices, and transparency in its operations. the company's offerings include a variety of high-quality seafood products, with a particular focus on vietnamese shrimp.",local producers connection | succulent taste vietnamese shrimp | global trade facilitation | seafood trading company | trading services | sustainability and eco-friendly practices | export connections facilitation services | stringent quality control measures,farmtigo.com,1504
farmtigo,,farmtigo,vn,hồ chí minh city,,hồ chí minh city,,,,10.77112195,106.65988339921,", ho chi minh city, ho chi minh, vietnam","vn, vietnam, hồ chí minh city, hồ chí minh city, , , , 10.77112195, 106.65988339921",,farmtigo is a hi-tech startup company in vietnam. we support the farmer for connecting to business and consumer. we also provide the best technology solution in agriculture and aquaculture such as:1. monitor and predictions 2. agriculture irrigation systems3. farm management system.4. data analytics.,food production | agriculture | farm management | data & analytics | beverage manufacturing | aquaculture | agricultural irrigation,,,,+84888823236,+84888823236,,,,,farmtigo.com,,,,,company/farmtigo,,,,"farmtigo is a hi-tech startup company based in vietnam that specializes in supporting farmers in connecting with both businesses and consumers. they offer a range of technology solutions for agriculture and aquaculture, including monitoring and predictions, agriculture irrigation systems, farm management systems, and data analytics.",farm management | predictive monitoring | technology solutions provider | data analytics | startup tech company | irrigation systems,,7465
farmtigo - công ty tnhh farmtigo,,farmtigo - công ty tnhh farmtigo,vn,hồ chí minh city,,hồ chí minh city,,pham van bach,1145,10.833844299999999,106.64393059999999,"917 phạm văn bạch, phường 12, gò vấp, hồ chí minh 700000, vietnam","vn, vietnam, hồ chí minh city, hồ chí minh city, , pham van bach, 1145, 10.833844299999999, 106.64393059999999","farmtigo - công ty tnhh farmtigo is a farm based in hồ chí minh city, vietnam.","farmtigo phát triển và phân phối hệ thống thông mình phục vụ nông nghiệp và thủy sản như hệ thống tưới thông minh, hệ thống tưới nhỏ giọt, hệ thống điều khiển thiết bị từ xa, hệ thống giám sát môi trường đất , hệ thống giám sát môi trường nước, quản lý trang trại và truy xuất nguồn gốc nông nghiệp, dự đoán và cảnh báo dịch bệnh và sàn thương mại điện tử nông nghiệp.",,capital products,"grains, horticulture & other farms","agriculture, forestry, fishing and hunting",+84888823236,+84888823236,,,,,farmtigo.com,,,,,,,,,"farmtigo - công ty tnhh farmtigo is a company based in hồ chí minh city, vietnam. it operates in various sectors related to agriculture, including agricultural services, farm equipment supply, feed manufacturing, animal feed retail, fertilizer supply, and produce marketing.",animal food retail | farm equipment supplies | feed manufacturing | produce marketing | agricultural products and services | seed supplier | fertilizers supplies,,26314
farmtigo,,farmtigo,vn,hồ chí minh city,,ho chi minh city saigon,700000,vinh hoi street,3,10.7553595,106.7005275,"3 an hoi st, ward 13, go vap districh, ho chi minh city, vietnam, 700000","vn, vietnam, hồ chí minh city, ho chi minh city saigon, 700000, vinh hoi street, 3, 10.7553595, 106.7005275",,,,,,,,,,,,,farmtigo.com,,,,farmtigo/,,,,,,,,26577
