company_name,company_legal_names,company_commercial_names,main_country_code,main_region,main_city_district,main_city,main_postcode,main_street,main_street_number,main_latitude,main_longitude,main_address_raw_text,locations,short_description,long_description,business_tags,product_type,main_industry,main_sector,primary_phone,phone_numbers,primary_email,emails,other_emails,website_url,website_domain,website_language_code,facebook_url,twitter_url,instagram_url,linkedin_url,ios_app_url,android_app_url,youtube_url,generated_description,generated_business_tags,domains,id
divem citroën - mogi mirim,,divem citroën - mogi mirim,br,são paulo,distrito industrial,mogi mirim,13800-207,rua padre roque,2855,-22.448368000000002,-46.9796142,"r. padre roque, 2855 - jardim aurea, mogi mirim - sp, 13800-207, brazil","br, brazil, são paulo, mogi mirim, 13800-207, rua padre roque, 2855, -22.448368000000002, -46.9796142","divem citroën - mogi mirim is an automobile dealers & manufacturer based in mogi mirim, brazil.",,,durable products,automobile dealers & manufacturers,automotive,+551938145000,+551938145000,,,,,divemcitroen.com.br,,,,,,,,,"the divem citroën - mogi mirim is a citroen dealership located in mogi mirim, são paulo, brazil.",in-store shopping | credit card payment | automotive dealership | citroen vehicles | wheelchair accessible parking lot,,1541
divem citroën,,divem citroën | divem citroen,br,são paulo,jardim tropical,mogi mirim,13800-382,rua padre roque,2855,-22.4390443,-46.9642259,"rua padre roque, 2855 - centro mogi mirim - são paulo","br, brazil, são paulo, mogi mirim, 13800-382, rua padre roque, 2855, -22.4390443, -46.9642259 | br, brazil, são paulo, mogi mirim, 13800-330, rua padre roque, 2855, -22.448482300000002, -46.97963241015172","divem citroën is an automobile dealers & manufacturer based in mogi mirim, brazil.",confira nosso arsenal de peças originais e acessórios que deixarão seu citroën ainda mais completo e moderno.,,durable products,automobile dealers & manufacturers,automotive,+551938145000,+551938145000,,,,,divemcitroen.com.br,pt,Divem-Citroen-102089049054506/,,citroen_divem_oficial/,,,,,"divem citroën is a car dealership located in mogi mirim, são paulo. the company specializes in the sale of new and used citroën vehicles, including models such as the basalt vision, aircross, and novo c3. divem citroën offers a range of services including vehicle inspections, parts and accessories, bodywork and painting, insurance, consignment, vehicle leasing, and sales to small businesses, professionals, rural producers, government agencies, and fleets. the dealership is committed to providing high-quality service and customer satisfaction.",utility vehicles | after-sales service | hatchback vehicles | fuel injection/painting services | consortium car rental | direct sales | citroen vehicles | parts and accessories | new c3 | basalt vision | automotive dealership,divemcitroen.com.br,11367
divem citroën,,divem citroën,br,são paulo,,mogi mirim,,,,-22.433123,-46.958246,", mogi mirim, sao paulo, brazil","br, brazil, são paulo, mogi mirim, , , , -22.433123, -46.958246",,,,,,,+551938145000,+551938145000,,,,,divemcitroen.com.br,,,,,company/divem-citro%c3%abn,,,,,,,27651
divem citroën,,divem citroën,br,são paulo,,mogi mirim,,,,,,"mogi mirim, são paulo, brazil","br, brazil, são paulo, mogi mirim, , , , ,",,,retail,,,,+551938145000,+551938145000,,,,,divemcitroen.com.br,,Divem-Citroen-102089049054506,,citroen_divem_oficial/,company/divem-citro%c3%abn,,,,,,divemcitroen.com.br,29490
