company_name,company_legal_names,company_commercial_names,main_country_code,main_region,main_city_district,main_city,main_postcode,main_street,main_street_number,main_latitude,main_longitude,main_address_raw_text,locations,short_description,long_description,business_tags,product_type,main_industry,main_sector,primary_phone,phone_numbers,primary_email,emails,other_emails,website_url,website_domain,website_language_code,facebook_url,twitter_url,instagram_url,linkedin_url,ios_app_url,android_app_url,youtube_url,generated_description,generated_business_tags,domains,id
le rout'art gourmand,,le rout'art gourmand | pantastic studio,,,,,,,,,,,,,"vous êtes une entreprise ou un particulier, notre food truck offre un service de qualité pour tous vos événements. nous sommes fiers de proposer une cuisine savoureuse et personnalisée directement à nos clients. derrière le rout'art gourmand, foodtruck bien installé dans le paysage nantais, se cachent deux passionnés de cuisine : hélène et dominique. en nous rendant visite au camion, vous découvrirez une cuisine typée ""street-food"", saine et entièrement faite maison, gourmande et conviviale, servie à emporter dans des contenants respectueux de l'environnement. du frais, du local, de la cuisine faite avec amour. quand au burger c'est de l'excellence et de la gourmandise. si vous voulez manger un burger fait maison c'est le food truck à connaître. pain frais, tomates fraiches, cornichon frais, steak fraîchement moulé,frites fraiches même le ketchup est maison. derrière ce joli nom aux consonances italiennes se cache encore aujourd'hui une activité d'épicerie fine basée essentiellement sur la noisette du piémont, tenue par hélène, et une charcuterie artisanale, gérée par dominique.",food trucks | street foods | healthy cooking | fresh goods | fresh baked bread | fresh tomato | cooking experiences | healthy homes | deli store | catering & services | express service,consumer services,restaurants,accommodation & food services,+33647096830,+33647096830,contact@leroutartgourmand.com,contact@leroutartgourmand.com,,,leroutartgourmand.com,fr,,,leroutartgourmand/,,,,,"rout'art gourmand is a food truck and restaurant located in rezé and nantes, france. the company is run by three passionate individuals, hélène, dominique, and helzio, who are dedicated to providing healthy and gourmet street-food cuisine made with fresh and homemade ingredients. the food truck offers personalized and delicious meals for both individuals and businesses, including catering services for events such as employee lunches, public events, and family gatherings. in addition to their food truck, the company also operates a fine grocery store called atelier d'helzio that offers high-quality products made with care and attention to detail.",grocery store | street food cuisine | gourmet services | take-out services | catering services | food trucks | artisanal charcuterie | fresh ingredients | customized menus,leroutartgourmand.com,1479
le rout'art gourmand,,le rout'art gourmand,fr,pays de la loire,,saint-sébastien-sur-loire,,,,47.6594864,-0.8186143,"saint-sébastien-sur-loire, pays de la loire, france","fr, france, pays de la loire, saint-sébastien-sur-loire, , , , 47.6594864, -0.8186143",,,restaurant,,,,+33647096830,+33647096830,,,,,leroutartgourmand.com,,routart.gourmand/,,leroutartgourmand/,company/le-rout'art-gourmand,,,,,,leroutartgourmand.com,6134
le rout'art gourmand,,le rout'art gourmand,fr,pays de la loire,,saint-sébastien-sur-loire,44230,,,47.2035029,-1.4992075,", saint-sebastien-sur-loire, pays de la loire, france","fr, france, pays de la loire, saint-sébastien-sur-loire, 44230, , , 47.2035029, -1.4992075",,,,,,,+33647096830,+33647096830,,,,,leroutartgourmand.com,,,,,company/le-rout'art-gourmand,,,,,,,6906
rout'art gourmand,,rout'art gourmand,fr,pays de la loire,,nantes,44300,rue du marché commun,22,47.256416200000004,-1.4995899000000001,"16-22 rue du marché commun, 44300 nantes, france","fr, france, pays de la loire, nantes, 44300, rue du marché commun, 22, 47.256416200000004, -1.4995899000000001","rout'art gourmand is a restaurant based in nantes, france.",,,consumer services,restaurants,accommodation & food services,,,,,,&opi=79508299&sa=U&ved=0ahUKEwjRlLKSw-KFAxViS_EDHQC_DpUQ61gIECgM&usg=AOvVaw0hFxa6XRjUAn59ZYfSTakK,leroutartgourmand.com,,routart.gourmand/,,leroutartgourmand/,,,,,,,,8902
le rout'art gourmand,,le rout'art gourmand,fr,pays de la loire,,rezé,44400,boulevard alfred nobel,71,47.1569283,-1.5527224,"44400 rezé, france","fr, france, pays de la loire, rezé, 44400, boulevard alfred nobel, 71, 47.1569283, -1.5527224","le rout'art gourmand is a restaurant based in rezé, france.",,,consumer services,restaurants,accommodation & food services,,,,,,,leroutartgourmand.com,,,,,,,,,"le rout'art gourmand is a restaurant located in rezé, france, in the pays de la loire region.",restaurant services | dine-in service | beer selection | lunch options | alcoholic beverages | wine selection | healthy options | wheelchair accessible entrance,,21775
