company_name,company_legal_names,company_commercial_names,main_country_code,main_region,main_city_district,main_city,main_postcode,main_street,main_street_number,main_latitude,main_longitude,main_address_raw_text,locations,short_description,long_description,business_tags,product_type,main_industry,main_sector,primary_phone,phone_numbers,primary_email,emails,other_emails,website_url,website_domain,website_language_code,facebook_url,twitter_url,instagram_url,linkedin_url,ios_app_url,android_app_url,youtube_url,generated_description,generated_business_tags,domains,id
woodstock chiropractic center,,woodstock chiropractic center,us,new york,,woodstock,12498,mill hill road,83,42.03877029999999,-74.112717,"83 mill hill rd #5a, woodstock, ny 12498, united states","us, united states, new york, woodstock, 12498, mill hill road, 83, 42.03877029999999, -74.112717","woodstock chiropractic center is a chiropractic clinic based in woodstock, new york, united states.","welcome to woodstock chiropractic center where our goal is to help you do the things you love to do in life. some patients come to us with pain issues while others are looking for overall wellness. in either situation our team is committed to providing you the chiropractic care that will help you reach those goals. we are conveniently located in woodstock, ny and it is easy to find us. we offer free parking and we are handicap accessible. click on the directions button to find an easy route to woodstock chiropractic center. we really look forward to meeting you and helping with your chiropractic health goals.",,consumer services,therapy & alternative medicine,health care & social assistance,+18456792225,+18456792225,,,,,woodstockchiropractic.com,,WoodstockChiropracticCenter/,,,,,,,"woodstock chiropractic center is a healthcare facility located in woodstock, new york, united states. the center offers services in chiropractic care, massage therapy, and physical therapy.",chiropractic care services | massage services | physical therapy treatments,,1527
woodstock chiropractic center,,woodstock chiropractic center,us,new york,west hurley,town of hurley,12491,,,41.988779064781745,-74.11542675456349,"1260 rt-28, west hurley, new york, 12491, united states","us, united states, new york, town of hurley, 12491, , , 41.988779064781745, -74.11542675456349",,,health & wellness | physical fitness and wellness services,,,,+18456792225,+18456792225,,,,,woodstockchiropractic.com,,WoodstockChiropracticCenter,Dr_Rosenblum,,company/woodstock-chiropractic-center,,,,,,,6781
woodstock chiropractic center,,woodstock chiropractic center | woodstock chiropractic,us,new york,,woodstock,12498,mill hill road,83,42.0389862,-74.1127234,"83 mill hill rd, woodstock, new york, 12498, united states","us, united states, new york, woodstock, 12498, mill hill road, 83, 42.0389862, -74.1127234","woodstock chiropractic center is a chiropractic clinic based in woodstock, new york, united states.","woodstock chiropractor, 12491 | woodstock chiropractic center provides chiropractic care in woodstock for headaches, neck pain, and other conditions.",,consumer services,therapy & alternative medicine,health care & social assistance,+18456792225,+18456792225,,,,,woodstockchiropractic.com,,WoodstockChiropracticCenter,Dr_Rosenblum,,company/rosenblum-david-l-dc,,,,,,,10926
david l. rosenblum dc,,david l. rosenblum dc,us,new york,,woodstock,12498,mill hill road,83,42.03885749999999,-74.1127171,"83 mill hill rd #5a, woodstock, ny 12498","us, united states, new york, woodstock, 12498, mill hill road, 83, 42.03885749999999, -74.1127171","david l. rosenblum dc is a chiropractic clinic based in woodstock, new york, united states.",,,consumer services,therapy & alternative medicine,health care & social assistance,+18456792225,+18456792225,,,,&opi=79508299&sa=U&ved=0ahUKEwigvrSW4rKFAxUKEFkFHXXoCh8Q61gIEigO&usg=AOvVaw0xw06TzzEIq2qqN1qgr65V,woodstockchiropractic.com,,,,,,,,,,,,12397
woodstock chiropractic center,,woodstock chiropractic center,,,,,,,,,,,,,,,,,,,,,,,,,,WoodstockChiropracticCenter/,,,,,,,,,,15777
woodstock chiropractic center,,woodstock chiropractic center,us,new york,west hurley,town of hurley,12491,,,41.988779064781745,-74.11542675456349,"1260 rt-28, west hurley, new york, 12491, united states","us, united states, new york, town of hurley, 12491, , , 41.988779064781745, -74.11542675456349",,,physical fitness and wellness services | health & wellness,,,,+18456792225,+18456792225,,,,,woodstockchiropractic.com,,WoodstockChiropracticCenter,Dr_Rosenblum,,company/woodstock-chiropractic-center,,,,,,woodstockchiropractic.com,26409
woodstock chiropractors,,woodstock chiropractors | woodstock chiropractic center | woodstock chiropractic | chiropractic center,us,new york,,woodstock,12498,mill hill road,83,42.0373164,-74.1110791,"83 mill hill road #5a, woodstock, ny 12498","us, united states, new york, woodstock, 12498, mill hill road, 83, 42.0373164, -74.1110791 | us, united states, new york, west hurley, , , , ,","woodstock chiropractors is a chiropractic clinic based in woodstock, new york, united states.","chiropractor david rosenblum d.c. chiropractic is one of the most amazing healthcare professions, but very few people understand what it's all about. the word "" chiropractic "" is derived from the greek words ""cheir"" (hand) and ""praktos"" (done) combined to mean ""done by hand."" it was chosen by the developer of chiropractic care, daniel david palmer.",chiropractic | causes of low back pain | radial shockwave therapy | chiropractic education | conditions helped | accident injury | tension headaches | osteoporosis | sciatica pain relief | history of chiropractic | chronic back pain | treatment techniques | chiropractic care | patient specials | chiropractic for seniors | headache & migraine | neck pain | vertigo and dizziness | arm & leg pain | chiropractic & sports | therapeutic exercise | plantar fasciitis | patient paperwork | chiropractors | bone & joints | headaches & neck pain | ligament injuries | work injuries | shoulder pain | disc injuries | tennis elbow | pinched nerves | migraines and headaches | muscle strain | hipaa policy | chiropractic treatment | chiropractic adjustments | spinal adjustment | chronic pain | pain relief | non invasive | clinics & training | health care | therapeutic laser therapy,consumer services,therapy & alternative medicine,health care & social assistance,+18456792225,+18456792225,dl.rosenblum@gmail.com,,,,woodstockchiropractic.com,en,WoodstockChiropracticCenter/,Dr_Rosenblum,,,,,channel/UCWpMvdz3IOm739I9k-rs9AA,"chiropractic for seniors is a chiropractic clinic located in woodstock, new york. the clinic provides chiropractic care for a variety of conditions, including headaches, neck pain, and other physical ailments. the practice focuses on spinal alignment to alleviate pain and improve overall health. the clinic is led by dr. david rosenblum, a chiropractor with extensive training in the field. chiropractic for seniors offers non-invasive solutions to help patients manage pain and maintain their quality of life.",carpal tunnel syndrome | therapeutic laser | migraine treatment | radial shockwave therapy | spinal alignment | fitness exercises | healthcare services | non-invasive pain relief | muscle strain treatment | chiropractic care for physical ailments,woodstockchiro.com | regenerative-chiropractic.com | dlrosenblum.com | woodstockchiropractic.com,26920
