company_name,company_legal_names,company_commercial_names,main_country_code,main_region,main_city_district,main_city,main_postcode,main_street,main_street_number,main_latitude,main_longitude,main_address_raw_text,locations,short_description,long_description,business_tags,product_type,main_industry,main_sector,primary_phone,phone_numbers,primary_email,emails,other_emails,website_url,website_domain,website_language_code,facebook_url,twitter_url,instagram_url,linkedin_url,ios_app_url,android_app_url,youtube_url,generated_description,generated_business_tags,domains,id
benton building center,,benton building center,us,iowa,,cedar falls,50613,center street,2811,42.56102216326531,-92.45581418367347,"2811 center st., 50613, cedar falls, ia, iowa","us, united states, iowa, cedar falls, 50613, center street, 2811, 42.56102216326531, -92.45581418367347","benton building center is an other building material retailer based in cedar falls, iowa, united states.",benton building center is proud to provide the cedar valley area with quality products for all your building and remodeling needs. come see us today.,building & remodeling,capital products,building material,building products,+13192662096,+13192662096,bbc.alyse@gmail.com,,,,bentonbuildingcenter.com,,BentonBuildingCenter/,,,,,,,benton building center is a company that offers a wide range of building and remodeling products in the cedar valley area. they are committed to providing quality products to meet the needs of their customers.,roofing services | painting services | siding services | remodeling services | plumbing services | electrical services,bentonbuildingcenter.com,16394
benton building center inc.,benton building center inc.,,us,iowa,,cedar falls,50613,center street,2811,42.56141662597656,-92.455810546875,"united states, ia, cedar falls, 2811 center st, 50613-1155","us, united states, iowa, cedar falls, 50613, center street, 2811, 42.56141662597656, -92.455810546875",,,,,,,,,,,,,bentonbuildingcenter.com,,,,,,,,,,,bentonbuildingcenter.com,17694
benton building ctr,,benton building ctr,us,iowa,,cedar falls,50613,center street,2811,42.56141568888889,-92.45581091111112,"2811 center st, cedar falls, iowa, 50613-1155, united states","us, united states, iowa, cedar falls, 50613, center street, 2811, 42.56141568888889, -92.45581091111112",,,design,,,,+13192662096,+13192662096,,,,,bentonbuildingcenter.com,,,,,company/benton-building-ctr,,,,,,,23080
benton design center,,benton design center | benton building center | benton design group,us,iowa,,cedar falls,50613,center street,2811,42.56141568888889,-92.45581091111112,"2811 center st cedar falls, ia 50613","us, united states, iowa, cedar falls, 50613, center street, 2811, 42.56141568888889, -92.45581091111112 | us, united states, iowa, cedar falls, 50613, west lone tree road, 870, 42.56186741603494, -92.45539456527867",,"since 1998 benton building center has provided the cedar valley area with top quality products and services. locally owned and operated, benton building center has over 100 years of combined experience in the building and remodeling industry. over the years, benton building center has taken the opportunity to expand their services in many areas. in 2000, a kitchen and bath design center was added to create a ""one-stop shop"" with a variety of building products and services under one roof. our services are cost-effective, delivered on-time, and designed to improve the value of your home. stop in today for a free consultation. benton building center has a retail shop/lumberyard where you can get all the products you need for your project. find out more about what we can do for you and your home or business. we carry a variety of the highest quality and most trusted brands of cabinets for your storage and organizational needs. visit benton building center for quality products at quality prices.",home and improvement | kitchen and bath design | design and home | cabinetry | cabinetry design | tools and hardware | kitchen & baths | styles & finishes | retail / shopping | wood types | design & remodeling | building & remodeling | home building | building materials | building products | roofing tile,,,,+13192779409,+13192779409 | +13192662096,bbc.design2811@gmail.com,,,,bentonbuildingcenter.com,en,BentonBuildingCenter/,,benton_building_center/,,,,,"benton building center is a home improvement business located in cedar falls, iowa. established in 1998, the company offers a wide range of building supplies and custom design remodeling services. benton building center provides products and services for kitchen and bath design, flooring, roofing, tile, and more. the company is locally owned and operated, boasting over 100 years of combined experience in the building and remodeling industry. in 2000, benton building center expanded its offerings to include a kitchen and bath design center, creating a comprehensive ""one-stop shop"" for building materials and services. the company supports various community organizations and is known for its cost-effective and timely services aimed at enhancing the value of homes and businesses.",kitchen and bath design | custom design and remodeling services | building supplies retailer | roofing services | tile service | hardware and tools | flooring services | lumberyard and millwork shop,bentonbuildingcenter.com,24374
benton building center,,benton building center,us,iowa,,cedar falls,50613,center street,2811,42.56138609999999,-92.4555816,"2811 center st, cedar falls, ia 50613","us, united states, iowa, cedar falls, 50613, center street, 2811, 42.56138609999999, -92.4555816","benton building center is an other building material retailer based in cedar falls, iowa, united states.","benton building center has a retail shop/lumberyard where you can get all the products you need for your project. whether it is materials for siding, building supplies, lumber, roofing or tools and hardware so you can just get the job done, we are here to help local owned home improvement business in the cedar valley. we do marvin windows, kitchen and bath cabinetry and design.",,capital products,building material,building products,+13192662096,+13192662096,,,,,bentonbuildingcenter.com,,BentonBuildingCenter/,,,,,,,"the benton building center is a store located in cedar falls, iowa, united states.",retail | prefabricated wood buildings manufacturer | cabinet making,,25466
