company_name,company_legal_names,company_commercial_names,main_country_code,main_region,main_city_district,main_city,main_postcode,main_street,main_street_number,main_latitude,main_longitude,main_address_raw_text,locations,short_description,long_description,business_tags,product_type,main_industry,main_sector,primary_phone,phone_numbers,primary_email,emails,other_emails,website_url,website_domain,website_language_code,facebook_url,twitter_url,instagram_url,linkedin_url,ios_app_url,android_app_url,youtube_url,generated_description,generated_business_tags,domains,id
gyokusen-in yoshii hall,,gyokusen-in yoshii hall,jp,fukuoka prefecture,,ukiha,839-1412,national route 210,549-4,33.3451508,130.7372935,"549-4 yoshiimachi, ukiha, fukuoka 839-1321, japan","jp, japan, fukuoka prefecture, ukiha, 839-1412, national route 210, 549-4, 33.3451508, 130.7372935","gyokusen-in yoshii hall is a funeral services company based in ukiha, japan.",,,consumer services,other consumer services,other consumer services,+81120184444,+81120184444,,,,,phoenix-jpn.com,,,,,,,,,"gyokusen-in yoshii hall is a funeral home located in ukiha, fukuoka prefecture, japan.",funeral service,,1466
phoenix hall higashikushihara gyokusenin,,phoenix hall higashikushihara gyokusenin,jp,fukuoka prefecture,,kurume,830-0003,kurume-east bypass,347-1,33.3244676,130.52626089999998,"347-1 higashikushiharamachi, kurume, fukuoka 830-0003, japan","jp, japan, fukuoka prefecture, kurume, 830-0003, kurume-east bypass, 347-1, 33.3244676, 130.52626089999998","phoenix hall higashikushihara gyokusenin is a funeral services company based in kurume, japan.",,,consumer services,other consumer services,other consumer services,+81942382111,+81942382111,,,,,phoenix-jpn.com,,,,,,,,,"フェニックスホール東櫛原玉泉院 is a casket service provider located in kurume, fukuoka prefecture, japan.",casket service | funeral service,,2434
phoenix hall oki gyokusenin,,phoenix hall oki gyokusenin,jp,fukuoka prefecture,ozumi,oki,830-0403,大和城島線,1978-1,33.2218033,130.4429341,"1978-1 ozumi, oki, mizuma district, fukuoka 830-0403, japan","jp, japan, fukuoka prefecture, oki, 830-0403, 大和城島線, 1978-1, 33.2218033, 130.4429341","phoenix hall oki gyokusenin is a funeral services company based in oki, japan.",,,consumer services,other consumer services,other consumer services,+81120184444,+81120184444,,,,,phoenix-jpn.com,,,,,,,,,"フェニックスホール大木玉泉院 is a funeral home located in oki, fukuoka prefecture, japan.",funeral service | funeral arrangements,,22253
phoenix hall omuta gyokusenin,,phoenix hall omuta gyokusenin,jp,fukuoka prefecture,,omuta,836-0842,大牟田植木線,,33.032942,130.447466,"japan, 〒836-0842 fukuoka, omuta, yumeimachi, 1 chome−２−2","jp, japan, fukuoka prefecture, omuta, 836-0842, 大牟田植木線, , 33.032942, 130.447466","phoenix hall omuta gyokusenin is a funeral services company based in omuta, japan.",,,consumer services,other consumer services,other consumer services,+81120184444,+81120184444,,,,gyokusen-hall/,phoenix-jpn.com,,,,,,,,,"フェニックスホール大牟田玉泉院 is a funeral home located in omuta, fukuoka prefecture, japan.",funeral service,,23574
phoenix hall hita gyokusenin,,phoenix hall hita gyokusenin,jp,oita prefecture,wakamiyamachi,hita,877-0037,national route 386,1-42,33.309927,130.9415292,"1-42 wakamiyamachi, hita, oita 877-0037, japan","jp, japan, oita prefecture, hita, 877-0037, national route 386, 1-42, 33.309927, 130.9415292","phoenix hall hita gyokusenin is a funeral services company based in hita, japan.",,,consumer services,other consumer services,other consumer services,+81120184444,+81120184444,,,,,phoenix-jpn.com,,,,,,,,,"フェニックスホール日田玉泉院 is a funeral home located in hita, oita prefecture, japan.",funeral arrangements | funeral service,,28432
phoenix hall setaka gyokusenin,,phoenix hall setaka gyokusenin,jp,fukuoka prefecture,,miyama,835-0024,,,33.15817690000001,130.4776386,"1465-5 setakamachi shimonosho, miyama, fukuoka 835-0024, japan","jp, japan, fukuoka prefecture, miyama, 835-0024, , , 33.15817690000001, 130.4776386","phoenix hall setaka gyokusenin is a funeral services company based in miyama, japan.",,,consumer services,other consumer services,other consumer services,+81120184444,+81120184444,,,,,phoenix-jpn.com,,,,,,,,,"フェニックスホール瀬高玉泉院 is a funeral home located in miyama, fukuoka prefecture, japan.",funeral service,,29265
