company_name,company_legal_names,company_commercial_names,main_country_code,main_region,main_city_district,main_city,main_postcode,main_street,main_street_number,main_latitude,main_longitude,main_address_raw_text,locations,short_description,long_description,business_tags,product_type,main_industry,main_sector,primary_phone,phone_numbers,primary_email,emails,other_emails,website_url,website_domain,website_language_code,facebook_url,twitter_url,instagram_url,linkedin_url,ios_app_url,android_app_url,youtube_url,generated_description,generated_business_tags,domains,id
folkman law offices,,folkman law offices,,,,,,,,,,,,,,,,,,,,,,,,folkmanlaw.com,,,,folkmanlaw/,,,,,,,,1545
folkman law offices,,folkman law offices | folkman law,us,new jersey,,cherry hill,08003,haddonfield-berlin road,1949,39.8626786,-74.9913919,"1949 haddonfield-berlin rd, cherry hill, new jersey, 08003, united states","us, united states, new jersey, cherry hill, 08003, haddonfield-berlin road, 1949, 39.8626786, -74.9913919","folkman law offices is an employment attorney based in cherry hill, new jersey, united states.","folkman law is a team of hardworking lawyers, paralegals, and staff dedicated to protecting our clients' rights. driven by a passion for justice and a commitment to seeing every client triumph, we will never hesitate to go the extra mile. we pride ourselves on providing exceptional legal services to individuals and businesses in a wide range of practice areas, including personal injury, employment law, business law, legal malpractice, and medical malpractice. our legal team combines top talent and decades of legal experience. we consistently exceed clients' expectations in delivering results-driven guidance. with an extensive record of six- and seven-figure case results — including a record-breaking $100 million personal injury verdict — we've earned a reputation for never backing down. with offices in cherry hill, new jersey and philadelphia, pennsylvania, folkman law serves clients throughout southern new jersey and southeastern pennsylvania.",legal services | personal injury | dog bites | wrongful death | car accidents | personal injury law | trial work | truck accident | motorcycle accidents | law firm,professional services,lawyers,legal,+18563549444,+18563549444,,,,,folkmanlaw.com,,FolkmanLaw,FolkmanLaw,folkmanlaw,company/folkman-law-offices,,,,"the company is a boutique law firm based in cherry hill that specializes in trial work. they assist clients with personal injury cases related to car accidents, birth injuries, motorcycle accidents, dog bites, truck accidents, wrongful death, and other similar cases.",dog bites | wrongful death | car accidents | law firm specializing in personal injury | trial work | truck accident | motorcycle accidents | birth injuries,,2421
folkman law offices p.c.,folkman law offices p.c.,,us,new jersey,,cherry hill township,,,,39.93483352661133,-75.03072357177734,"united states, new jersey, cherry hill township, 1949 berlin road, suite 100, 08003","us, united states, new jersey, cherry hill township, , , , 39.93483352661133, -75.03072357177734",,,,,,,+18563549444,+18563549444,,,,,folkmanlaw.com,,,,,,,,,,,folkmanlaw.com,7601
folkman law offices p.c.,folkman law offices p.c.,,us,new jersey,,cherry hill,08003,haddonfield-berlin road,1949,39.86264620000001,-74.99151909999999,"1949 haddonfield-berlin rd # 100, cherry hill, nj 08003, united states","us, united states, new jersey, cherry hill, 08003, haddonfield-berlin road, 1949, 39.86264620000001, -74.99151909999999","folkman law offices p.c. is a personal injury attorney based in cherry hill, new jersey, united states.","at folkman law, our team is passionate about justice and we will always go above and beyond to ensure that you receive the best possible outcome. rest assured that when you work with us, you will receive the highest level of commitment and dedication. we believe in going the extra mile for our clients, and we will never hesitate to do so. trust us to fight for your rights and to ensure that you come out on top. our goal is to make sure that you feel supported and empowered throughout the legal process. let us help you achieve success, and let us show you why we are the best in the business.",,professional services,lawyers,legal,+18563549444,+18563549444,,,,,folkmanlaw.com,,LevyBaldante/,,,,,,,"folkman law offices p.c. is a law firm based in cherry hill, new jersey, united states. the firm specializes in personal injury law, employment law, and general legal services. they also offer trial attorney services.",personal injury law | employment law | trial attorney services | legal services,,24194
folkman law offices p.c.,folkman law offices p.c.,,us,pennsylvania,,king of prussia,19406,west 8th avenue,1021,40.098510700000006,-75.4147338,"1021 w 8th ave, king of prussia, pa 19406, united states","us, united states, pennsylvania, king of prussia, 19406, west 8th avenue, 1021, 40.098510700000006, -75.4147338",,,,,,,+12155614848,+12155614848,,,,,folkmanlaw.com,,,,,,,,,"folkman law offices p.c. is a law firm located in king of prussia, pennsylvania, united states.",legal representation | law firm,,29391
folkman law offices p.c.,folkman law offices p.c.,,us,pennsylvania,center city,philadelphia,19103,south 19th street,135,39.9507432,-75.1720362,"135 s 19th st #200, philadelphia, pa 19103, united states","us, united states, pennsylvania, philadelphia, 19103, south 19th street, 135, 39.9507432, -75.1720362","folkman law offices p.c. is a personal injury attorney based in philadelphia, pennsylvania, united states.",,,professional services,lawyers,legal,+12155614848,+12155614848,,,,,folkmanlaw.com,,,,,,,,,"folkman law offices p.c. is a law firm based in philadelphia, pennsylvania, united states. the firm offers a range of legal services, including attorney referral services, employment law, medical law, and personal injury law.",lawyer referral services | employment law services | law firm | medical legal services,,29939
