company_name,company_legal_names,company_commercial_names,main_country_code,main_region,main_city_district,main_city,main_postcode,main_street,main_street_number,main_latitude,main_longitude,main_address_raw_text,locations,short_description,long_description,business_tags,product_type,main_industry,main_sector,primary_phone,phone_numbers,primary_email,emails,other_emails,website_url,website_domain,website_language_code,facebook_url,twitter_url,instagram_url,linkedin_url,ios_app_url,android_app_url,youtube_url,generated_description,generated_business_tags,domains,id
roma steam bath inc.,roma steam bath inc.,,us,texas,,houston,77084,barker springs road,,29.78560447692871,-95.67352294921875,,"us, united states, texas, houston, 77084, barker springs road, , 29.78560447692871, -95.67352294921875","roma steam bath inc. is a high school based in houston, texas, united states.",,,education,education,education,+12815789945,+12815789945,,,,,romasteambath.com,,,,,,,,,,,,1512
roma steam bath ltd.,roma steam bath ltd.,,us,texas,,houston,77041,west little york road,10555,29.8663797,-95.5595189,"10555 w little york rd, houston, tx 77041","us, united states, texas, houston, 77041, west little york road, 10555, 29.8663797, -95.5595189",,,,,,,+12815789945,+12815789945,,,,,romasteambath.com,,,,,,,,,"roma steam bath, ltd is a manufacturer based in houston, texas, united states.",manufacturing | packing related equipment manufacturer | sealing devices,,7886
roma steam baths,roma steam baths ltd. | roma steam bath ltd. | roma steam bath inc.,roma steam baths | roma steam bath,us,texas,,houston,77041,west little york road,10555,29.867274855052866,-95.55918067898396,"10555 west little york, houston, tx 77041","us, united states, texas, houston, 77041, west little york road, 10555, 29.867274855052866, -95.55918067898396","roma steam baths is an industrial air solutions company based in houston, texas, united states.","we feel it will help you make an educated decision as to why roma is the right steam equipment for you. the luxury of a spa. the privacy of home. nothing gives you that feeling of tranquility so deeply and naturally as a roma steam bath. enliven your body, refresh your mind, all in the privacy of your own home. roma steam bath, inc. was founded in 1961 by b.j. robbins, a houston home builder and developer. roma's headquarters and plant are located in houston, texas.",,capital products,industrial goods,other capital goods,+18006570656,+18006570656 | +12815789945,technicalsupport@romasteambath.com,technicalsupport@romasteambath.com | customerservice@romasteambath.com,nburruss@romasteambath.com,,romasteambath.com,en,,,,,,,,"roma steam baths, legally known as roma steam bath inc., founded in 1961 by b.j. robbins, is a company based in houston, texas. the company specializes in designing and manufacturing state-of-the-art steam systems for residential and commercial use. known for its innovative features, roma steam bath inc. has established a reputation for excellence and quality in design and craftsmanship. the company's headquarters and plant are located in houston, texas.",steam system construction | technical support | installation and service instructions | steam baths manufacturer | steam bath installation and repair services | as roma design | designer quality and craftsmanship | retail,romasteambath.com,12876
roma steam bath inc.,roma steam bath inc.,,us,texas,,houston,77041,west little york road,,29.867204666137695,-95.56948852539062,,"us, united states, texas, houston, 77041, west little york road, , 29.867204666137695, -95.56948852539062",,,,,,,+12815789945,+12815789945,,,,,romasteambath.com,,,,,,,,,,,,26284
roma steam bath inc.,roma steam bath inc.,,us,texas,,houston,77084,barker springs road,16802,29.78740415,-95.67494896650629,"16802 barker springs rd, houston, texas, 77084, united states","us, united states, texas, houston, 77084, barker springs road, 16802, 29.78740415, -95.67494896650629",,,construction,,,,+12815789945,+12815789945,,,,,romasteambath.com,,,,,company/roma-steam-bath-inc-,,,,,,,27794
