company_name,company_legal_names,company_commercial_names,main_country_code,main_region,main_city_district,main_city,main_postcode,main_street,main_street_number,main_latitude,main_longitude,main_address_raw_text,locations,short_description,long_description,business_tags,product_type,main_industry,main_sector,primary_phone,phone_numbers,primary_email,emails,other_emails,website_url,website_domain,website_language_code,facebook_url,twitter_url,instagram_url,linkedin_url,ios_app_url,android_app_url,youtube_url,generated_description,generated_business_tags,domains,id
cim occitanie,,cim occitanie,fr,occitania,toulouse centre,toulouse,31000,,,43.60944186421725,1.4416168901597444,"39 allées jean jaurès, toulouse, occitanie, 31000, france","fr, france, occitania, toulouse, 31000, , , 43.60944186421725, 1.4416168901597444","cim occitanie is a real estate agent/manager based in toulouse, france.",,,professional services,real estate - agents & managers,real estate,+33567339350,+33567339350,,,,,agencecim.fr,,agencecim.fr,,cimoccitanie/,company/cim31,,,,,,agencecim.fr,16129
cim occitanie,,cim occitanie,fr,occitania,toulouse centre,toulouse,31000,allées jean jaurès,39,43.6072775,1.4503798,"39 allees jean jaures, toulouse, occitanie, 31000, france","fr, france, occitania, toulouse, 31000, allées jean jaurès, 39, 43.6072775, 1.4503798","cim occitanie is a real estate agent/manager based in toulouse, france.",,real estate,professional services,real estate - agents & managers,real estate,+33567339350,+33567339350,,,,,agencecim.fr,,agencecim.fr,,cimoccitanie/,company/cim31,,,,,,,21041
agence immobilière cim occitanie - toulouse,,agence immobilière cim occitanie - toulouse,fr,occitania,toulouse sud-est,toulouse,31400,allée des demoiselles,80,43.587759999999996,1.4596126,"80 all. des demoiselles, 31400 toulouse, france","fr, france, occitania, toulouse, 31400, allée des demoiselles, 80, 43.587759999999996, 1.4596126","agence immobilière cim occitanie - toulouse is a real estate agent/manager based in toulouse, france.",,,professional services,real estate - agents & managers,real estate,+33567339350,+33567339350,,,,,agencecim.fr,,agencecim.fr/,,,company/cim31,,,,"agence immobilière cim occitanie toulouse is a real estate agency located in toulouse, france. the company operates in the real estate sector, providing services as a real estate agent, property management company, and real estate rental agency.",property management services | real estate agencies | real estate services,,27175
agence cim occitanie,,agence cim occitanie,,,,,,,,,,,,,,,,,,,,,,,,agencecim.fr,,,,cimoccitanie/,,,,,,,,33259
