company_name,company_legal_names,company_commercial_names,main_country_code,main_region,main_city_district,main_city,main_postcode,main_street,main_street_number,main_latitude,main_longitude,main_address_raw_text,locations,short_description,long_description,business_tags,product_type,main_industry,main_sector,primary_phone,phone_numbers,primary_email,emails,other_emails,website_url,website_domain,website_language_code,facebook_url,twitter_url,instagram_url,linkedin_url,ios_app_url,android_app_url,youtube_url,generated_description,generated_business_tags,domains,id
porky pete’s,,porky pete’s | porky pete's bbq,us,connecticut,,essex,06426,plains road,90,41.3425,-72.4114626,"90 plains rd. essex, ct 06426","us, united states, connecticut, essex, 06426, plains road, 90, 41.3425, -72.4114626","porky pete’s is a restaurant based in essex, connecticut, united states.","porky pete's offers great authentic southern bar-b-que on the connecticut shoreline. you'll be surprised when you eat our bbq, it's like being transported down south. our bbq smoked pork sandwich meat is a special process that we've adapted specifically for our pork bbq sandwiches. in the small, relatively modern kitchen…which operates out of porky petes in essex, ct… served period food, planned the menu and donated her services…. located in essex, ct • pulled pork, beef brisket, bbq chicken & more. let us cater your corporate business or personal party- or pick up a delicious takeout dinner tonight.",lunch special | full service catering | pulled pork | kitchen & food | lunches & dinners | bbq sauces | modern kitchen | sandwiches (meat | food plans | slow cooking | corn bread | annual bbq | barbeque | barbecue | sandwiches | light covers | elegant wedding,consumer services,restaurants,accommodation & food services,+18607673077,+18607673077 | +18607671021,porkypetes@aol.com,,,,porkypetesbbq.com,en,Porky-Petes-BBQ-501017933279654/,,,,,,,"porky pete's bbq is a restaurant located in essex, connecticut, specializing in authentic southern bar-b-que. the establishment offers a variety of smoked meats, including pulled pork, beef brisket, and bbq chicken, all prepared with slow cooking and smoking techniques. the restaurant is known for its tennessee vinegar-based bbq sauce and texas-style bbq sauce, which are adapted to suit the new england palate. porky pete's bbq also provides catering services for both corporate events and personal parties. the restaurant is recognized for its flexibility, hospitality, and excellent service, maintaining a strong reputation for its traditional southern barbeque offerings.",wedding receptions | bbq pork sandwich | tennessee vinegar-based sauce | side dishes | corn bread | premium meats | texas bbq | authentic southern bar-b-que | slow-cooked meats over hickory wood | catering services | beef brisket | signature chicken,porkypetesbbq.com,1459
porky pete’s bbq,,porky pete’s bbq,us,connecticut,,essex,06426,plains road,90,41.3425,-72.4114626,"90 plains rd, essex, connecticut, 06426-1501, united states","us, united states, connecticut, essex, 06426, plains road, 90, 41.3425, -72.4114626",,,restaurant,,,,+18607671021,+18607671021,,,,,porkypetesbbq.com,,,,,company/porky-pete%e2%80%99s-bbq,,,,,,porkypetesbbq.com,12799
porky pete's bbq,,porky pete's bbq,us,connecticut,,essex,06426,plains road,90,41.3425112,-72.41145879999999,"90 plains rd, essex, ct 06426","us, united states, connecticut, essex, 06426, plains road, 90, 41.3425112, -72.41145879999999","porky pete's bbq is a barbecue restaurant based in essex, connecticut, united states.",unpretentious counter-serve offering classic bbq options such as smoked pork & chicken for take out.,,consumer services,restaurants,accommodation & food services,+18607671021,+18607671021,,,,,porkypetesbbq.com,,porkypetesq/,,,,,,,"porky pete's bbq is a barbecue restaurant located in essex, connecticut, united states. the establishment offers a variety of classic barbecue options, including smoked pork and chicken, available for takeout. the restaurant is characterized by its simple setting and focuses on southern barbecue.",beans and cornbread | comfort food | pulled pork | barbecue restaurant | quick bites | smoked chicken | full-service restaurant | catering services | food delivery | dine-in service | dessert options,,22366
porky pete’s bbq,,porky pete’s bbq,us,connecticut,,essex,06426,plains road,90,41.3425,-72.4114626,"90 plains rd, essex, connecticut, 06426-1501, united states","us, united states, connecticut, essex, 06426, plains road, 90, 41.3425, -72.4114626",,,,,,,+18607671021,+18607671021,,,,,porkypetesbbq.com,,,,,company/porky-pete%e2%80%99s-bbq,,,,,,,29129
