company_name,company_legal_names,company_commercial_names,main_country_code,main_region,main_city_district,main_city,main_postcode,main_street,main_street_number,main_latitude,main_longitude,main_address_raw_text,locations,short_description,long_description,business_tags,product_type,main_industry,main_sector,primary_phone,phone_numbers,primary_email,emails,other_emails,website_url,website_domain,website_language_code,facebook_url,twitter_url,instagram_url,linkedin_url,ios_app_url,android_app_url,youtube_url,generated_description,generated_business_tags,domains,id
blue sky pilates,,blue sky pilates,us,california,west hills,los angeles,91307,platt avenue,6411,34.18682772727273,-118.64285981818182,"6411 platt ave, los angeles, california, 91307-3201, united states","us, united states, california, los angeles, 91307, platt avenue, 6411, 34.18682772727273, -118.64285981818182",,,,,,,+18189329197,+18189329197,,,,,blueskypilates.net,,pages/Blue-Sky-Pilates/231057887021138,bluesky_pilates,,,,,,,,blueskypilates.net,1508
blue sky pilates,,blue sky pilates | blue sky pilates services,us,california,west hills,los angeles,91307,platt avenue,6411,34.18682772727273,-118.64285981818182,"6411 platt ave. west hills, ca 91307","us, united states, california, los angeles, 91307, platt avenue, 6411, 34.18682772727273, -118.64285981818182","blue sky pilates is a gyms, fitness & health center based in los angeles, california, united states.","blue sky pilates offers both private and duet sessions, as well as a variety of small group classes with no more than 7 people at a time so that you receive tons of personal attention. as with all pilates classes the aim is to flow from one exercise to the next which helps to build muscle endurance (think long lean muscles) and overall strength. see reformer class description for details. we are open seven days a week, offering both private and small group classes to fit your busy lifestyle. you'll be glad you did, guaranteed.",pilates | pilates mat | breathing techniques | strength & muscle | pilates equipment | weight loss | reformer classes | book classes | classes description | pilates classes | fitness goals | pilates benefits | pilates services | back injury | circuit training | basic teachings | mat classes | healthy body | utility bodies | business & lifestyle | hip injuries | classes & offerings | teens & seniors,consumer services,recreational sports centers,"arts, entertainment & recreation",+18189329197,+18189329197,info@blueskypilates.net,info@blueskypilates.net,,,blueskypilates.net,en,pages/Blue-Sky-Pilates/231057887021138/,bluesky_pilates,,,,,,"blue sky pilates, legally known as equinox pilates institute, is a pilates studio located in west hills, los angeles, california. the studio offers a variety of pilates classes, including private sessions, duet sessions, and group classes. blue sky pilates provides instruction on various pilates equipment such as mat, reformer, cadillac, wunda chair, and jump board. the classes cater to different fitness levels and abilities, with options for beginners and advanced practitioners. the studio emphasizes strength, core stability, and overall body transformation through personalized and structured workouts.",health and wellness services | wunda chair | cadillac equipment | jump boards | private sessions | introductory consultation | duet sessions | small group classes | fitness and well-related activities | pilates equipment | reformer equipment | tower equipment | equipment classes | happy hour reformer,blueskypilates.net,9294
blue sky pilates,,blue sky pilates,us,california,west hills,los angeles,91307,platt avenue,6411,34.18723670000001,-118.6432289,"6411 platt ave, west hills, ca 91307, united states","us, united states, california, los angeles, 91307, platt avenue, 6411, 34.18723670000001, -118.6432289","blue sky pilates is a gyms, fitness & health center based in los angeles, california, united states.","pilates studio with private, duet & small group classes in a bright, basic setting.",,consumer services,recreational sports centers,"arts, entertainment & recreation",+18189329197,+18189329197,,,,,blueskypilates.net,,,,blueskypilates/,,,,,"blue sky pilates is a pilates studio located in los angeles, california, united states. the studio offers private, duet, and small group classes in a bright and basic setting.",small group classes | pilates services | fitness and recreational sports centers | duet classes | private class,,18030
sam's jiffy jons inc.,sam's jiffy jons inc.,,us,georgia,,winder,30680,,,33.99190902709961,-83.71843719482422,,"us, united states, georgia, winder, 30680, , , 33.99190902709961, -83.71843719482422",,,,,,,+17708670932,+17708670932,,,,,blueskypilates.net,,,,,,,,,,,blueskypilates.net,25581
blue sky pilates,,blue sky pilates,us,california,west hills,los angeles,91307,platt avenue,6411,34.18682772727273,-118.64285981818182,"6411 platt ave, los angeles, california, 91307-3201, united states","us, united states, california, los angeles, 91307, platt avenue, 6411, 34.18682772727273, -118.64285981818182",,,,,,,+18189329197,+18189329197,,,,,blueskypilates.net,,,,,,,,,,,,26114
