company_name,company_legal_names,company_commercial_names,main_country_code,main_region,main_city_district,main_city,main_postcode,main_street,main_street_number,main_latitude,main_longitude,main_address_raw_text,locations,short_description,long_description,business_tags,product_type,main_industry,main_sector,primary_phone,phone_numbers,primary_email,emails,other_emails,website_url,website_domain,website_language_code,facebook_url,twitter_url,instagram_url,linkedin_url,ios_app_url,android_app_url,youtube_url,generated_description,generated_business_tags,domains,id
cox photography,,cox photography,gb,england,,sawbridgeworth,cm21 9jx,station road,the maltings island,51.8129644,0.1598357,"the maltings, station rd, sawbridgeworth cm21 9jx, united kingdom","gb, united kingdom, england, sawbridgeworth, cm21 9jx, station road, the maltings island, 51.8129644, 0.1598357","cox photography is a photographer/photographic studio based in sawbridgeworth, united kingdom.",,,consumer services,photographers & photographic studios,other consumer services,+441279652024,+441279652024,,,,,coxphotography.co.uk,,CoxPhotographyUK/,,,,,,,"cox photography is a photography service provider based in sawbridgeworth, england, united kingdom. the company specializes in offering photography services.",photography services,,3707
cox photography,,cox photography,gb,england,,sawbridgeworth,,,,51.81610335,0.1478821587693852,"sawbridgeworth, essex, gb","gb, united kingdom, england, sawbridgeworth, , , , 51.81610335, 0.1478821587693852 | gb, united kingdom, england, london, ha8 6qy, station parade, , 51.607614850000004, -0.2948713903327369","cox photography is a photographer/photographic studio based in sawbridgeworth, united kingdom.","the late gilbert cox, after working for many years as a fleet street photographer, founded cox photography in 1959 at our church street premises, where he worked for many years up until 1984 when he moved to a much bigger purpose designed studio where the business has been creating world class photography ever since. vincent banks joined the company in 1985 and since 2001 has been the managing director and continues to keep the company at the cutting edge of technology. we offer several packages, as well as à la carte services, prints, and products.",professional photography | bespoke photography | prints and products | a-la-carte services | wedding photographs,consumer services,photographers & photographic studios,other consumer services,+441279652024,+441279652024,info@coxphotography.co.uk,info@coxphotography.co.uk,,,coxphotography.co.uk,en,httpswww.facebook.comCox-Photography-525005827882542/,,,,,,,"cox photography is a professional photography company based in sawbridgeworth, england. founded in 1959 by the late gilbert cox, a former fleet street photographer, the company has a long-standing reputation for creating high-quality images. after moving to a larger studio in 1984, cox photography has continued to innovate and stay at the forefront of technology. since 2001, vincent banks has been the managing director, ensuring the company remains a leader in the industry. cox photography specializes in both studio and on-location photography, offering a range of packages and services, including prints and products. the company has also been actively involved in supporting local schools and charities by assisting them in fundraising efforts.",a la carte photography services | location photography | photography services,coxphotography.co.uk,13205
cox photography,,cox photography,gb,england,,east hertfordshire,,,,51.86762619018555,0.16319610178470612,"bishops stortford,united kingdom","gb, united kingdom, england, east hertfordshire, , , , 51.86762619018555, 0.16319610178470612","cox photography is a photographer/photographic studio based in east hertfordshire, united kingdom.",,,consumer services,photographers & photographic studios,other consumer services,+441279652024,+441279652024,,,,,coxphotography.co.uk,,httpsm.facebook.comCox-Photography-525005827882542/,,,,,,,,,coxphotography.co.uk,20117
protected cox photography,,protected cox photography,gb,england,,sawbridgeworth,,,,,,"sawbridgeworth, united kingdom","gb, united kingdom, england, sawbridgeworth, , , , ,","protected cox photography is a photographer/photographic studio based in sawbridgeworth, united kingdom.",,photography,consumer services,photographers & photographic studios,other consumer services,,,,,,,coxphotography.co.uk,,,,,company/protected-cox-photography,,,,,,coxphotography.co.uk,26368
