company_name,company_legal_names,company_commercial_names,main_country_code,main_region,main_city_district,main_city,main_postcode,main_street,main_street_number,main_latitude,main_longitude,main_address_raw_text,locations,short_description,long_description,business_tags,product_type,main_industry,main_sector,primary_phone,phone_numbers,primary_email,emails,other_emails,website_url,website_domain,website_language_code,facebook_url,twitter_url,instagram_url,linkedin_url,ios_app_url,android_app_url,youtube_url,generated_description,generated_business_tags,domains,id
motor ops inc,motor ops inc,,ca,quebec,,gatineau,j8y 3s3,rue adrien-robert,35,45.45463180541992,-75.73396301269531,"motor ops inc.
35 rue adrien robert
unit c
gatineau, quebec j8y 3s3 canada","ca, canada, quebec, gatineau, j8y 3s3, rue adrien-robert, 35, 45.45463180541992, -75.73396301269531","motor ops inc is an auto parts store based in gatineau, quebec, canada.",get your ez lynk autoagent 2.0 and performance tuning for cummins 6.7l.,performance tuning,durable products,auto parts,automotive,+18668671593,+18668671593 | +18668671597,,,,piwik/piwik/index.php?module=CoreAdminHome&action=optOut&language=de&backgroundColor=&fontColor=&fontSize=&fontFamily=,fotofilter-online.de,en,MotorOps/,motor_ops,motorops/,,,,,,,fotofilter-online.de,15476
