company_name,company_legal_names,company_commercial_names,main_country_code,main_region,main_city_district,main_city,main_postcode,main_street,main_street_number,main_latitude,main_longitude,main_address_raw_text,locations,short_description,long_description,business_tags,product_type,main_industry,main_sector,primary_phone,phone_numbers,primary_email,emails,other_emails,website_url,website_domain,website_language_code,facebook_url,twitter_url,instagram_url,linkedin_url,ios_app_url,android_app_url,youtube_url,generated_description,generated_business_tags,domains,id
robert ames fine violins & bows,,robert ames fine violins & bows,us,new jersey,,fort lee,07024,summit avenue,523,40.857112441860465,-73.97832658139535,"523 summit ave, fort lee, new jersey, 07024-2921, united states","us, united states, new jersey, fort lee, 07024, summit avenue, 523, 40.857112441860465, -73.97832658139535",,,,,,,+12014611020,+12014611020,,,,,tourte.com,,,,,company/robert-ames-fine-violins-&-bows,,,,,,,14185
robert ames fine violins & bows,,robert ames fine violins & bows,us,new jersey,,fort lee,07024,summit avenue,523,40.857112441860465,-73.97832658139535,"523 summit ave, fort lee, new jersey, 07024-2921, united states","us, united states, new jersey, fort lee, 07024, summit avenue, 523, 40.857112441860465, -73.97832658139535",,,,,,,+12014611020,+12014611020,,,,,tourte.com,,,,,company/robert-ames-fine-violins-&-bows,,,,,,,21035
delta kappa gamma society international,,delta kappa gamma society international,us,pennsylvania,,warren county,16345,,,41.94144821166992,-79.13504791259766,,"us, united states, pennsylvania, warren county, 16345, , , 41.94144821166992, -79.13504791259766","delta kappa gamma society international is a musical instruments/music store based in warren county, pennsylvania, united states.",,,durable products,other durable products,other durable products,,,,,,,tourte.com,,,,,,,,,,,,21826
robert ames fine violins & bws,,robert ames fine violins & bws,us,new jersey,,fort lee,07024,summit avenue,,40.85691452026367,-73.97821807861328,,"us, united states, new jersey, fort lee, 07024, summit avenue, , 40.85691452026367, -73.97821807861328","robert ames fine violins & bws is a musical instruments/music store based in fort lee, new jersey, united states.",,,durable products,other durable products,other durable products,+12014611020,+12014611020,,,,,tourte.com,,,,,,,,,,,,25619
robert ames fine violins & bows,,robert ames fine violins & bows,us,new jersey,,fort lee,07024,summit avenue,523,40.857112441860465,-73.97832658139535,"523 summit ave, fort lee, new jersey, 07024-2921, united states","us, united states, new jersey, fort lee, 07024, summit avenue, 523, 40.857112441860465, -73.97832658139535",,,retail,,,,+12014611020,+12014611020,,,,,tourte.com,,AmesBows,amesbows,,company/robert-ames-fine-violins-&-bows,,,,,,tourte.com,32497
