company_name,company_legal_names,company_commercial_names,main_country_code,main_region,main_city_district,main_city,main_postcode,main_street,main_street_number,main_latitude,main_longitude,main_address_raw_text,locations,short_description,long_description,business_tags,product_type,main_industry,main_sector,primary_phone,phone_numbers,primary_email,emails,other_emails,website_url,website_domain,website_language_code,facebook_url,twitter_url,instagram_url,linkedin_url,ios_app_url,android_app_url,youtube_url,generated_description,generated_business_tags,domains,id
paveloc plus,,paveloc plus,us,texas,,rosenberg,77471,cottonwood school road,1705,29.525448982568232,-95.82798762337332,"1705 cottonwood school rd, rosenberg, texas, 77471-7125, united states","us, united states, texas, rosenberg, 77471, cottonwood school road, 1705, 29.525448982568232, -95.82798762337332",,,,,,,+12812393033,+12812393033,,,,,pavelocplus.com,,,,,company/paveloc-plus,,,,,,pavelocplus.com,16349
paveloc plus,,paveloc plus,us,texas,,rosenberg,77471,cottonwood school road,1705,29.5242843,-95.8289489,"1705 cottonwood school rd, rosenberg, tx 77471, united states","us, united states, texas, rosenberg, 77471, cottonwood school road, 1705, 29.5242843, -95.8289489",,,,,,,+12812393033,+12812393033,,,,,pavelocplus.com,,,,,,,,,"paveloc plus is a company categorized as a paving materials supplier. the company is based in rosenberg, texas, united states.",asphalt mixture and block manufacturing,,23509
pave lock plus ii llc.,pave lock plus ii llc.,,us,texas,,rosenberg,77471,cottonwood school road,1705,29.525449752807617,-95.82798767089844,"united states, tx, rosenberg, 1705 cottonwood school rd, 77471","us, united states, texas, rosenberg, 77471, cottonwood school road, 1705, 29.525449752807617, -95.82798767089844",,,,,,,,,,,,,pavelocplus.com,,,,,,,,,,,pavelocplus.com,25228
paveloc,,paveloc | paveloc plus,us,texas,,cottonwood,77471,cottonwood school road,1705,29.525448982568232,-95.82798762337332,"1705 cottonwood school rosenberg, tx 77471","us, united states, texas, cottonwood, 77471, cottonwood school road, 1705, 29.525448982568232, -95.82798762337332","paveloc is an asphalt & paving products company based in cottonwood, texas, united states.","located in rosenberg, tx. paveloc is a private company categorized under paving equipment manufacturers. established in 2007 and incorporated in texas, led by ceo ted gillis and his ever growing staff of skilled employees, ted is a college educated man who is always willing to get his hands dirty instead of staying static behind a desk. we here at paveloc, manufacture pavestones and concrete retaining walls, and also feature the thindek system. our products offer an alternative to traditional concrete or asphalt pavements, plus the promise of enhanced structural and cost benefits. here at paveloc our focus is bringing the greatest quality grade of materials to our clients so that you may manifest your dream homes into reality.",concrete retaining wall | traditional concrete | paving equipment | tile and stone | costs & benefits,capital products,concrete & stone,building products,+12812393043,+12812393043 | +12812393033,sales@pavelocplus.com,sales@pavelocplus.com,,,pavelocplus.com,en,,,,,,,,"paveloc plus is a private company based in rosenberg, texas, established in 2007. it specializes in manufacturing pavestones and concrete retaining walls, and offers the thindek system as an alternative to traditional concrete or asphalt pavements. the company emphasizes the use of high-grade materials and employs highly trained installers. paveloc plus provides a range of products including driveways, walkways, patios, and steps, featuring various colors and patterns to allow for customization. the company is led by ceo ted gillis, who has a background in college education and a hands-on approach.",paving equipment | concrete retaining walls manufacturer | patio installation | customizable tiles and stones | walkway installation | high-grade materials | step installation,pavelocplus.com,26925
paveloc plus,,paveloc plus,us,texas,,rosenberg,77471,cottonwood school road,1705,29.525448982568232,-95.82798762337332,"1705 cottonwood school rd, rosenberg, texas, 77471-7125, united states","us, united states, texas, rosenberg, 77471, cottonwood school road, 1705, 29.525448982568232, -95.82798762337332",,,,,,,+12812393033,+12812393033,,,,,pavelocplus.com,,,,,company/paveloc-plus,,,,,,,32319
