company_name,company_legal_names,company_commercial_names,main_country_code,main_region,main_city_district,main_city,main_postcode,main_street,main_street_number,main_latitude,main_longitude,main_address_raw_text,locations,short_description,long_description,business_tags,product_type,main_industry,main_sector,primary_phone,phone_numbers,primary_email,emails,other_emails,website_url,website_domain,website_language_code,facebook_url,twitter_url,instagram_url,linkedin_url,ios_app_url,android_app_url,youtube_url,generated_description,generated_business_tags,domains,id
boudewijns shoes,,boudewijns shoes,nl,north brabant,son,son en breugel,5691 ac,nieuwstraat,24,51.511570999999996,5.493299,"nieuwstraat 24, 5691 ac son, netherlands","nl, netherlands, north brabant, son en breugel, 5691 ac, nieuwstraat, 24, 51.511570999999996, 5.493299","boudewijns shoes is a shoes & other footwear store based in son en breugel, netherlands.",,,nondurable products,footwear,"apparel, accessories & footwear",+31499471235,+31499471235,,,,,shoesbyboudewijns.nl,,Shoesbyboudewijns/,,shoesbyboudewijns/,,,,,"boudewijns shoes is a shoe store located in son en breugel, north brabant, netherlands. the store offers a variety of shoes and provides services such as in-store pickup and same-day delivery. it accepts multiple payment methods including credit cards, debit cards, and mobile nfc payments.",in shoes | payment methods | in-store pickup | retail trade | wheelchair accessible parking lot,,1439
shoesbyboudewijns,,shoesbyboudewijns,nl,,,,,,,52.247650146484375,5.5412468910217285,",netherlands","nl, netherlands, , , , , , 52.247650146484375, 5.5412468910217285",shoesbyboudewijns is a shoes & other footwear store based in netherlands.,,,nondurable products,footwear,"apparel, accessories & footwear",,,,,,,shoesbyboudewijns.nl,,Shoesbyboudewijns/,,,,,,,,,shoesbyboudewijns.nl,18476
shoes by boudewijns,boudewijns schoenen bv.,shoes by boudewijns | officiele boudewijns schoenen,nl,north brabant,,son en breugel,5691 ac,nieuwstraat,24,51.5115267,5.4933403,"nieuwstraat 24
5691ac son en breugel
nederland","nl, netherlands, north brabant, son en breugel, 5691 ac, nieuwstraat, 24, 51.5115267, 5.4933403 | nl, netherlands, north holland, amsterdam, 1071 ha, willemsparkweg, 193, 52.3556191, 4.8697087","shoes by boudewijns is a shoes & other footwear store based in son en breugel, netherlands.","gratis verzending en ruilen vanaf 50 euro* 14 dagen bedenktijd, snel geld terug. wij hebben de grootste collectie kinderschoenen in de regio, die we verkopen in onze winkel boudewijns schoenen in son. waar kan je ons vinden. mooie schoenen en laarzen online kopen. shoesbyboudewijns is de digitale winkel van onze prachtige fysieke winkel boudewijns schoenen in son en breugel. hier vindt u prachtige collecties van alle topmerken in damesschoenen, herenschoenen en kinderschoenen. of het nu gaat om stijlvolle pumps, stoere booties, modieuze enkellaarsjes, hippe sneakers en gympen, makkelijke ballerina's, zomerse slippers, casual herenschoenen, geklede schoenen of stoere heren booties. bekijk snel onze collectie mooie schoenen voor dames en heren. onze deskundige medewerkers helpen u met plezier.",nice shoes | sandals & flip flops | girls slippers | dress shoes | shop digital | fast cash,nondurable products,footwear,"apparel, accessories & footwear",+31499471235,+31499471235 | +319002100 | +319001800 | +319001700,,,,,shoesbyboudewijns.nl,nl,Shoesbyboudewijns/,Shoesbyboudewij,shoesbyboudewijns/,,,,,"shoesbyboudewijns schoenen is a dutch company that specializes in selling a wide range of shoes for men, women, and children. they offer a variety of shoes including sneakers, sandals, pumps, boots, slippers, and more. the company has a large collection of shoes and accessories for women, men, and kids, including popular brands such as hoff sneakers, heren, and tommy hilfiger. they also have a physical store located in son, where customers can purchase shoes and other accessories. shoesbybodewijn's mission is to provide fashionable and well-fitting shoes for their customers, with a focus on the well-being of children's feet.",shoes retailer | womens shoes | childrens shoes | largest collection of childrens,boudewijnsschoenen.nl | boudewijns-schoenen.nl | shoesbyboudewijns.com | shoesbyboudewijns.nl,21535
