company_name,company_legal_names,company_commercial_names,main_country_code,main_region,main_city_district,main_city,main_postcode,main_street,main_street_number,main_latitude,main_longitude,main_address_raw_text,locations,short_description,long_description,business_tags,product_type,main_industry,main_sector,primary_phone,phone_numbers,primary_email,emails,other_emails,website_url,website_domain,website_language_code,facebook_url,twitter_url,instagram_url,linkedin_url,ios_app_url,android_app_url,youtube_url,generated_description,generated_business_tags,domains,id
zamarripa's tire & auto sales inc.,zamarripa's tire & auto sales inc.,,us,texas,,san antonio,,,,29.4246002,-98.4951405,"san antonio, texas, united states","us, united states, texas, san antonio, , , , 29.4246002, -98.4951405",,,individual & family services,,,,+12109271950,+12109271950,,,,,zamarripas.com,,,,,company/zamarripa's-tire-&-auto-sales-inc.,,,,,,zamarripas.com,1498
zamarripa's tire & auto sales inc.,zamarripa's tire & auto sales inc.,,us,texas,,san antonio,78211,new laredo highway,614,29.3657057,-98.548475,"614 new laredo hwy, san antonio, tx 78211","us, united states, texas, san antonio, 78211, new laredo highway, 614, 29.3657057, -98.548475","zamarripa's tire & auto sales inc. is an automobile dealers & manufacturer based in san antonio, texas, united states.",,,durable products,automobile dealers & manufacturers,automotive,+12109271950,+12109271950,,,,,zamarripas.com,,ZamarripaTire/,,,,,,,"zamarripa's tire & auto sales inc. is a used car dealer located in san antonio, texas, united states. the company specializes in the sale of pre-owned vehicles.",automotive sales | credit card payment | used car dealership | wheelchair accessible entrance,,4864
zamarripa's,zamarripa's tire & auto sales inc.,zamarripa's,us,texas,,san antonio,78211,new laredo highway,614,29.36601157142857,-98.54841085714285,"614 new laredo hwy san antonio, texas 78211","us, united states, texas, san antonio, 78211, new laredo highway, 614, 29.36601157142857, -98.54841085714285","zamarripa's is an auto parts store based in san antonio, texas, united states.",,air conditioning | power station | auto & truck | manual transmissions | website templates | stores & hours,durable products,auto parts,automotive,+12109271950,+12109271950,zamarripa1950@live.com,,,,zamarripas.com,en,,,,,,,,"zamarripa's tire & auto sales, legally known as zamarripa's tire & auto sales inc., is a company based in san antonio, texas, specializing in the sale of pre-owned vehicles. established in 1975, the company aims to offer quality pre-owned vehicles at competitive prices without compromising on customer service. their inventory includes a variety of vehicles, such as the 2011 toyota corolla, 2007 honda accord lx, 2006 pontiac g6 gtp, and 2006 volkswagen beetle. the company operates monday through friday from 9 am to 5 pm, and saturday from 9 am to 2 pm, with sunday closing.",2012 toyota corolla s | honda accord lx | 2006 volkswagen beetle 2.5 air conditioner | pre-owned cars | retail | automotive sales | 2006 pontiac g6 gtp air conditioning,zamarripas.com,23788
zamarripa's tire & auto sales inc.,zamarripa's tire & auto sales inc.,,us,texas,,san antonio,,,,29.4246002,-98.4951405,", san antonio, texas, united states","us, united states, texas, san antonio, , , , 29.4246002, -98.4951405",,,,,,,,,,,,,zamarripas.com,,,,,company/zamarripa's-tire-&-auto-sales-inc.,,,,,,,26712
zamarripa's tire & auto sales inc.,zamarripa's tire & auto sales inc.,,us,texas,,san antonio,,,,29.4246002,-98.4951405,", san antonio, texas, united states","us, united states, texas, san antonio, , , , 29.4246002, -98.4951405",,,,,,,+12109271950,+12109271950,,,,,zamarripas.com,,,,,company/zamarripa's-tire-&-auto-sales-inc.,,,,,,,27187
