company_name,company_legal_names,company_commercial_names,main_country_code,main_region,main_city_district,main_city,main_postcode,main_street,main_street_number,main_latitude,main_longitude,main_address_raw_text,locations,short_description,long_description,business_tags,product_type,main_industry,main_sector,primary_phone,phone_numbers,primary_email,emails,other_emails,website_url,website_domain,website_language_code,facebook_url,twitter_url,instagram_url,linkedin_url,ios_app_url,android_app_url,youtube_url,generated_description,generated_business_tags,domains,id
harry lessman photography,,harry lessman photography,gb,england,,wisbech,,,,52.6651733,0.1606824,", wisbech, united kingdom","gb, united kingdom, england, wisbech, , , , 52.6651733, 0.1606824",,,,,,,,,,,,,harrylessmanphotography.co.uk,,,,,company/harry-lessman-photography,,,,,,,16207
harry lessman photography,,harry lessman photography,gb,england,,wisbech,,,,,,"wisbech,united kingdom","gb, united kingdom, england, wisbech, , , , ,",,,individual & family services,,,,,,,,,,harrylessmanphotography.co.uk,,,,,company/harry-lessman-photography,,,,,,harrylessmanphotography.co.uk,20437
harry lessman photography,,harry lessman photography,gb,,,,,,,54.7023545,-3.2765753,,"gb, united kingdom, , , , , , 54.7023545, -3.2765753",,,,,,,,,,,,,harrylessmanphotography.co.uk,,,,harrylessmanphotography/,,,,,,,,20600
harry lessman photography,,harry lessman photography,gb,england,walpole st. peter,wisbech,pe14 7ns,church road,,52.72866560000001,0.22182939999999998,"church rd, walpole st peter, wisbech pe14 7ns, united kingdom","gb, united kingdom, england, wisbech, pe14 7ns, church road, , 52.72866560000001, 0.22182939999999998","harry lessman photography is a photographer/photographic studio based in wisbech, united kingdom.","professional high quality dog and country life photography, creating stunning natural outdoor portraits of all pet and working dogs along with country pursuits and 1-2-1 photography workshops.",,consumer services,photographers & photographic studios,other consumer services,+447973667065,+447973667065,,,,,harrylessmanphotography.co.uk,,,,,,,,,"harry lessman photography is a photography service provider based in wisbech, england. the business offers photography services and photography classes.",photography services | portraits photography,,23527
harry lessman photography,,harry lessman photography,gb,england,,wisbech,,,,52.6651733,0.1606824,", wisbech, united kingdom","gb, united kingdom, england, wisbech, , , , 52.6651733, 0.1606824",,,,,,,,,,,,,harrylessmanphotography.co.uk,,,,,company/harry-lessman-photography,,,,,,,24045
harry lessman photography,,harry lessman photography,gb,,,,,,,54.7023545,-3.2765753,,"gb, united kingdom, , , , , , 54.7023545, -3.2765753",,professional dog and country lifestyle photographer based in norfolk,country lifestyle,,,,,,info@harrylessmanphotography.co.uk,info@harrylessmanphotography.co.uk,,,harrylessmanphotography.co.uk,,HarryLessmanPhotography/,,,,,,,the company is a professional dog and country lifestyle photography business located in norfolk.,dog photography | country life photography services,,28605
harry lessman photography,,harry lessman photography,gb,,,,,,,54.7023545,-3.2765753,,"gb, united kingdom, , , , , , 54.7023545, -3.2765753",harry lessman photography is a photographer/photographic studio based in united kingdom.,norfolk and east anglia based dog and country lifestyle photographer dog photography lifestyle photography portrait photography photography training photo editing norfolk lifestyle photography fieldsports.,horse photography | lifestyle photography | sporting dogs | portraits photography | photography training | country lifestyle | dog photography | classes & experiences,consumer services,photographers & photographic studios,other consumer services,+447973667065,+447973667065,info@harrylessmanphotography.co.uk,info@harrylessmanphotography.co.uk,,,harrylessmanphotography.co.uk,en,HarryLessmanPhotography/,,fieldsports.media/,,,,,"harry lessman photography is a photography business based in wisbech, england. the company specializes in dog and country lifestyle photography, including fieldsport, pheasant shooting, and portrait photography. they also offer photography training and photo editing services. the company serves the norfolk and east anglia regions.",pheasant photography | dog portrait services | sports event photography services | photography workshops | training services | image editing | photo editing and training services,harrylessmanphotography.co.uk,31616
