company_name,company_legal_names,company_commercial_names,main_country_code,main_region,main_city_district,main_city,main_postcode,main_street,main_street_number,main_latitude,main_longitude,main_address_raw_text,locations,short_description,long_description,business_tags,product_type,main_industry,main_sector,primary_phone,phone_numbers,primary_email,emails,other_emails,website_url,website_domain,website_language_code,facebook_url,twitter_url,instagram_url,linkedin_url,ios_app_url,android_app_url,youtube_url,generated_description,generated_business_tags,domains,id
revere campbell apartments,,revere campbell apartments,us,california,,campbell,,,,37.2870626,-121.944881,", campbell, california, united states","us, united states, california, campbell, , , , 37.2870626, -121.944881","revere campbell apartments is a real estate agent/manager based in campbell, california, united states.","check for available units at revere campbell in campbell, ca. view floor plans, photos, and community amenities. make revere campbell your new home.",real estate | floor plans & photos,professional services,real estate - agents & managers,real estate,,,,,,,revereatcampbell.com,,,,,company/revere-campbell-apartments,,,,"revere campbell is a company located in campbell, ca that offers available units for viewing. they provide a variety of floor plans, photos, and community amenities to help individuals find their new home.",property management | residential communities | real estate development | floor plans & photos,,15535
revere campbell,,revere campbell,,,,,,,,,,,,,,,,,,,,,,,,,,reverecampbell/,,,,,,,,,,25285
revere campbell apartments,,revere campbell apartments,us,california,,campbell,,,,37.2870626,-121.944881,", campbell, california, united states","us, united states, california, campbell, , , , 37.2870626, -121.944881","revere campbell apartments is a real estate agent/manager based in campbell, california, united states.","check for available units at revere campbell in campbell, ca. view floor plans, photos, and community amenities. make revere campbell your new home.",real estate | floor plans & photos,professional services,real estate - agents & managers,real estate,,,,,,,revereatcampbell.com,,,,,company/revere-campbell-apartments,,,,"revere campbell is a company located in campbell, ca that offers available units for viewing. they provide a variety of floor plans, photos, and community amenities to help individuals find their new home.",real estate development | property management | residential communities | floor plans & photos,revereatcampbell.com,25521
revere campbell apartments,,revere campbell apartments,us,california,,campbell,,,,37.2870626,-121.944881,", campbell, california, united states","us, united states, california, campbell, , , , 37.2870626, -121.944881","revere campbell apartments is a real estate agent/manager based in campbell, california, united states.","check for available units at revere campbell in campbell, ca. view floor plans, photos, and community amenities. make revere campbell your new home.",,professional services,real estate - agents & managers,real estate,+14088833113,+14088833113,,,,,revereatcampbell.com,,reverecampbell/,,reverecampbell,company/revere-campbell-apartments,,,,,,,25629
revere campbell,,revere campbell,us,california,,campbell,95008,south bascom avenue,1725,37.2925218,-121.93211,"1725 s bascom ave, campbell, ca 95008","us, united states, california, campbell, 95008, south bascom avenue, 1725, 37.2925218, -121.93211","revere campbell is a real estate rental company based in campbell, california, united states.","your next home awaits at revere campbell, our welcoming community in campbell, california. call us today to learn more about our apartment homes. with downtown san jose just twenty minutes away, urban convenience meets suburban charm in campbell, california. open your world to new experiences when you make revere campbell your next home base.",,professional services,real estate investment & rental,real estate,+14088833113,+14088833113,,,,,reverecampbell.com,en,reverecampbell/,,reverecampbell/,,,,,"revere campbell is a luxury apartment complex located in campbell, california, near the santa clara valley medical center. the community offers one, two, and three-bedroom apartments featuring stainless-steel appliances, nest thermostats, and wood-grain flooring. amenities include a sparkling pool and an on-site fitness center. the complex is situated off highway 17, providing a convenient location for residents. nearby attractions include downtown san jose, westfield valley fair, and campbell park.",on-site fitness center | nest thermostats | stainless steel appliances | three bedroom apartments | luxury apartments | premier community | sparkling pool | wood-grain flooring,revereatcampbell.com | reverecampbell.com,28109
