company_name,company_legal_names,company_commercial_names,main_country_code,main_region,main_city_district,main_city,main_postcode,main_street,main_street_number,main_latitude,main_longitude,main_address_raw_text,locations,short_description,long_description,business_tags,product_type,main_industry,main_sector,primary_phone,phone_numbers,primary_email,emails,other_emails,website_url,website_domain,website_language_code,facebook_url,twitter_url,instagram_url,linkedin_url,ios_app_url,android_app_url,youtube_url,generated_description,generated_business_tags,domains,id
patrick sartori fotografia,,patrick sartori fotografia | patrick sartori fotografia bandeirantes - pr,br,paraná,,,,,,,,,"br, brazil, paraná, , , , , ,",patrick sartori fotografia is a photographer/photographic studio based in brazil.,"minha vida é fotografia. o reconhecimento vem gradualmente em cada foto premiada mundialmente pelas maiores associações de fotógrafos do mundo. fotógrafo em bandeirantes - pr, fotos: casamento, 15 anos, família, book.",destination wedding photographer | on photography | family photographers | award winning photos,consumer services,photographers & photographic studios,other consumer services,+5543996647388,+5543996647388,patricksartorifotografia@hotmail.com,,,,patricksartorifotografia.com,pt,patricksartorifotografias/,,patricksartorifotografias/,,,,,"patrick sartori fotografia is a photography company based in bandeirantes, brazil. they specialize in wedding, family, and book photography, with locations in banderirantes and londrina.",wedding photography services | 15th birthday photography services,patricksartorifotografia.com,1506
patrick sartori fotografia,,patrick sartori fotografia,br,paraná,,bandeirantes,,,,-23.107788,-50.370407,", bandeirantes, parana, brazil","br, brazil, paraná, bandeirantes, , , , -23.107788, -50.370407",,,,,,,,,,,,,patricksartorifotografia.com,,,,,company/patrick-sartori-fotografia,,,,,,,11633
patrick sartori fotografia,,patrick sartori fotografia,,,,,,,,,,,,,,,,,,,,patricksartorifotografia@hotmail.com,,,,patricksartorifotografia.com,,patricksartorifotografias/,,,,,,,,,,13913
patrick sartori fotografia,,patrick sartori fotografia,br,paraná,,bandeirantes,,,,-23.107788,-50.370407,"bandeirantes, paraná, brazil","br, brazil, paraná, bandeirantes, , , , -23.107788, -50.370407","patrick sartori fotografia is a photographer/photographic studio based in bandeirantes, brazil.",,,consumer services,photographers & photographic studios,other consumer services,+5543996647388,+5543996647388,,,,,patricksartorifotografia.com,,,,patricksartorifotografias,company/patrick-sartori-fotografia,,,,,,,14874
patrick sartori fotografia,,patrick sartori fotografia,br,paraná,,bandeirantes,,,,-23.107788,-50.370407,"bandeirantes, paraná, brazil","br, brazil, paraná, bandeirantes, , , , -23.107788, -50.370407","patrick sartori fotografia is a photographer/photographic studio based in bandeirantes, brazil.",,photography,consumer services,photographers & photographic studios,other consumer services,+5543996647388,+5543996647388,,,,,patricksartorifotografia.com,,,,patricksartorifotografias,company/patrick-sartori-fotografia,,,,,,,17193
