company_name,company_legal_names,company_commercial_names,main_country_code,main_region,main_city_district,main_city,main_postcode,main_street,main_street_number,main_latitude,main_longitude,main_address_raw_text,locations,short_description,long_description,business_tags,product_type,main_industry,main_sector,primary_phone,phone_numbers,primary_email,emails,other_emails,website_url,website_domain,website_language_code,facebook_url,twitter_url,instagram_url,linkedin_url,ios_app_url,android_app_url,youtube_url,generated_description,generated_business_tags,domains,id
petra olsson,,petra olsson,se,skåne county,,staffanstorps kommun,245 93,,,55.65788535,13.18591765,"tottarpsvägen 1, staffanstorp, 245 93","se, sweden, skåne county, staffanstorps kommun, 245 93, , , 55.65788535, 13.18591765",,,,,,,,,,,,,webboden.se,,,,webboden/,,,,,,,,2052
webboden,,webboden,se,skåne county,,staffanstorp,245 23,,,55.65,13.2,", staffanstorp, skane county, sweden","se, sweden, skåne county, staffanstorp, 245 23, , , 55.65, 13.2",,,,,,,+46703171622,+46703171622,,,,,webboden.se,,,,,company/webboden,,,,,,,10325
webboden,,webboden,se,skåne county,,staffanstorp,245 23,,,55.65,13.2,", staffanstorp, skane county, sweden","se, sweden, skåne county, staffanstorp, 245 23, , , 55.65, 13.2",,,,,,,+46703171622,+46703171622,,,,,webboden.se,,,,,company/webboden,,,,,,,14556
webboden,,webboden,se,skåne county,,staffanstorp,232 52,tottarpsvägen,1,55.6417286,13.1481694,"tottarpsvägen 1, 245 93 staffanstorp, sweden","se, sweden, skåne county, staffanstorp, 232 52, tottarpsvägen, 1, 55.6417286, 13.1481694",,,,,,,+46703171622,+46703171622,,,,,webboden.se,,,,,,,,,,,,18212
webboden,,webboden,se,skåne county,,staffanstorps kommun,,,,55.65,13.2,"tottarpsvägen 1, 245 93 staffanstorp","se, sweden, skåne county, staffanstorps kommun, , , , 55.65, 13.2","webboden is a gift shop based in staffanstorps kommun, sweden.","min önskelista 0 produkter x0. välkommen till webboden. mönstrade spelkulor , enfärgade glaskulor eller kristallkula för fotografering finns i många storlekar. kulor fascinerar både barn och vuxna och kan användas till spel och lek, dekoration, eget hantverk, ""magisk kula"" eller kanske spåkula. hitta unika trädgårdsdekorationer såsom stenfigurer av granit och rostfritt stål i form av fåglar och andra roliga figurer - vissa byggda som minifontän. eldkulor och ljuslyktor att lysa upp med och tysta vindspel av rostfritt stål eller färgglad polyester. ovan nämnda är de största produktgrupperna, men det finns även annat roligt och lite udda såsom disktrasor med olika motiv, sällskapsspel , prylar med älgar , regnkappor och lite pyssel för barnen. ett halvår senare, efter önskemål från kund, blev det även fysisk butik i mitt hus i tottarp. webboden drivs som enskild firma under namnet solbacka trading. på fritiden sysslar jag mycket med musik. mina år jobbmässigt efter ekonomisk gymnasielinje innefattade expedit i bokhandel, personlig assistent och bussförare.",stainless steel | private residence | fun gadgets,durable products,other durable products,other durable products,+46703171622,+46703171622,info@webboden.se,info@webboden.se,,sv/,webboden.se,sv,webboden.se/,,webboden/,,,,,"webboden is a company based in staffanstorp, skåne county, specializing in garden decorations, music gifts, glass ornaments, and playing cards. the company offers a variety of products including granite and stainless steel garden figures, glass ornaments, and fun ceramic notepads and musical instruments. webboden also provides icelandic candy, such as salted licorice and combinations of chocolate and licorice, as well as icelandic easter bunnies. additionally, the company sells playing cards, accessories, and various decorative items like wind chimes, lanterns, and stone figures. webboden operates a physical store on tottarpsvägen 1, offering personalized service and a range of products for garden decoration and gift-giving.",glass products | personalized service with weight-based shipping | bathroom accessories | before easter items | moose gadgets | kitchen accessories | fun gadgets | instrument sheets | granite/stainless steel figures | garden decorations | large easter eggs at iceland | icelandic candy with licorice,webboden.se,23399
webboden,,webboden,se,skåne county,,staffanstorp,,,,55.65,13.2,"staffanstorp, skane county, sweden","se, sweden, skåne county, staffanstorp, , , , 55.65, 13.2",,,,,,,+46703171622,+46703171622,,,,,webboden.se,,webboden.se/,,webboden/,company/webboden,,,,,,webboden.se,32339
