company_name,company_legal_names,company_commercial_names,main_country_code,main_region,main_city_district,main_city,main_postcode,main_street,main_street_number,main_latitude,main_longitude,main_address_raw_text,locations,short_description,long_description,business_tags,product_type,main_industry,main_sector,primary_phone,phone_numbers,primary_email,emails,other_emails,website_url,website_domain,website_language_code,facebook_url,twitter_url,instagram_url,linkedin_url,ios_app_url,android_app_url,youtube_url,generated_description,generated_business_tags,domains,id
kapty welding,kapty welding ltd.,kapty welding,ca,alberta,south industrial district,edmonton,t6e 4m9,davies road nw,6216,53.50058394311927,-113.44584620733946,"6216 davies rd nw, edmonton ab, t6e 4m9","ca, canada, alberta, edmonton, t6e 4m9, davies road nw, 6216, 53.50058394311927, -113.44584620733946","kapty welding is a welding services company based in edmonton, alberta, canada.","our skilled welders are available for shop or field fabrication and repair. welding and steel fabrication, to cwb division 2.1. certified welders, safety program, shop and field services.",welding | safety program | certified welding | steel fabricating | stainless steel welding | field services | pipe repairs and installations | structural fabrication | piping fabrication | equipment repair | structural welding | rigging services | coded welding | gas lines | steel construction | welders | welding procedures | carbon steels | field welding | hydro testing | site installation,professional services,building contractors,construction,+18889683731,+18889683731 | +17804403731,kaptywelding@shaw.ca,,,,kaptywelding.com,en,,,,,,,,"kapty welding, legally known as kapty welding ltd., is a welding and steel fabrication company based in edmonton, alberta. the company provides both shop and field welding services, including b-pressure and b 31.3 code welding, absa quality manual compliance, and cwb certification. specializes in equipment repairs, pipefitting, piping installation and repair, structural welding, and stainless steel welding. they also offer services such as hydro-testing, gas line installation, and the installation of security guards and handrails. the company is known for its skilled team of welders and pipefitters, and it operates a three stream sorting station.",metal fabrication and welding services | level 2 inspector b 31.3 | roll-off bins | equipment repair | hydro testing services | gas line installations | steam piping | pipefitting services | stainless and carbon steel services | three-stream sorting stations | heavy-duty steel construction | stainless steel welding services | piping repair services,kaptywelding.com,15628
kapty welding ltd.,kapty welding ltd.,,ca,alberta,south industrial district,edmonton,t6e 4m9,davies road nw,6216,53.5000283,-113.4461147,"6216 davies rd nw, edmonton, ab t6e 4m9, canada","ca, canada, alberta, edmonton, t6e 4m9, davies road nw, 6216, 53.5000283, -113.4461147","kapty welding ltd. is a welding services company based in edmonton, alberta, canada.",,,professional services,building contractors,construction,+17804403731,+17804403731,,,,,kaptywelding.com,,,,,,,,,"kapty welding ltd is a company based in edmonton, alberta, canada, specializing in welding and metal fabrication services.",metal fabrication and welding services | onsite services,,15774
kapty welding,,kapty welding,ca,alberta,,edmonton,t5j 0r3,,,53.5462055,-113.491241,", edmonton, alberta, canada","ca, canada, alberta, edmonton, t5j 0r3, , , 53.5462055, -113.491241",,,,,,,+17804403731,+17804403731,,,,,kaptywelding.com,,,,,company/kapty-welding,,,,,,,17435
kapty welding,,kapty welding,ca,alberta,,edmonton,t5j 0r3,,,53.5462055,-113.491241,", edmonton, alberta, canada","ca, canada, alberta, edmonton, t5j 0r3, , , 53.5462055, -113.491241",,,,,,,+17804403731,+17804403731,,,,,kaptywelding.com,,,,,company/kapty-welding,,,,,,,25555
kapty welding,,kapty welding,ca,alberta,,edmonton,,,,53.5462055,-113.491241,"edmonton, alberta, canada.","ca, canada, alberta, edmonton, , , , 53.5462055, -113.491241",,,,,,,+17804403731,+17804403731,,,,,kaptywelding.com,,,,,company/kapty-welding,,,,,,kaptywelding.com,30082
